Date,Reservoir_Name,State,Structure_Type,Full_Depth_Feet,Full_Capacity_MCFT,Current_Level_Feet,Current_Storage_MCFT,Storage_Percentage,Inflow_Cusecs,Outflow_Cusecs
03-01-2021,METTUR,Tamil Nadu,Storage Reservoir,120,93470,80.35,62587.34,66.96,2979,2522
03-01-2021,BHAVANISAGAR,Tamil Nadu,Storage Reservoir,105,32800,52.16,16294.99,49.68,320,339
03-01-2021,AMARAVATHI,Tamil Nadu,Storage Reservoir,90,4047,56.73,2550.96,63.03,141,113
03-01-2021,KRISHNA_RAJA_SAGARA,Karnataka,Storage Reservoir,124.8,49452,92.47,36642.59,74.1,1152,994
03-01-2021,KABINI,Karnataka,Storage Reservoir,84,19520,42.38,9848.77,50.45,233,207
03-01-2021,KALLANAI,Tamil Nadu,Barrage / Diversion Structure,0,0,0,0,100,2051,2051
10-01-2021,METTUR,Tamil Nadu,Storage Reservoir,120,93470,76.03,59218.47,63.36,945,838
10-01-2021,BHAVANISAGAR,Tamil Nadu,Storage Reservoir,105,32800,58.79,18365,55.99,584,604
10-01-2021,AMARAVATHI,Tamil Nadu,Storage Reservoir,90,4047,45.89,2063.57,50.99,64,62
10-01-2021,KRISHNA_RAJA_SAGARA,Karnataka,Storage Reservoir,124.8,49452,57.9,22942.52,46.39,1020,868
10-01-2021,KABINI,Karnataka,Storage Reservoir,84,19520,39.44,9164.94,46.95,527,574
10-01-2021,KALLANAI,Tamil Nadu,Barrage / Diversion Structure,0,0,0,0,100,2155,2155
17-01-2021,METTUR,Tamil Nadu,Storage Reservoir,120,93470,78.63,61248.08,65.53,1050,878
17-01-2021,BHAVANISAGAR,Tamil Nadu,Storage Reservoir,105,32800,62.85,19632.54,59.86,282,302
17-01-2021,AMARAVATHI,Tamil Nadu,Storage Reservoir,90,4047,47.49,2135.33,52.76,56,50
17-01-2021,KRISHNA_RAJA_SAGARA,Karnataka,Storage Reservoir,124.8,49452,75.63,29968.92,60.6,832,711
17-01-2021,KABINI,Karnataka,Storage Reservoir,84,19520,62.23,14461.89,74.09,400,432
17-01-2021,KALLANAI,Tamil Nadu,Barrage / Diversion Structure,0,0,0,0,100,1911,1911
24-01-2021,METTUR,Tamil Nadu,Storage Reservoir,120,93470,57.19,44542.92,47.65,1849,1504
24-01-2021,BHAVANISAGAR,Tamil Nadu,Storage Reservoir,105,32800,57.5,17961.25,54.76,640,564
24-01-2021,AMARAVATHI,Tamil Nadu,Storage Reservoir,90,4047,62.88,2827.32,69.86,98,86
24-01-2021,KRISHNA_RAJA_SAGARA,Karnataka,Storage Reservoir,124.8,49452,76.48,30304.62,61.28,695,723
24-01-2021,KABINI,Karnataka,Storage Reservoir,84,19520,39.68,9220.57,47.24,637,657
24-01-2021,KALLANAI,Tamil Nadu,Barrage / Diversion Structure,0,0,0,0,100,1154,1154
31-01-2021,METTUR,Tamil Nadu,Storage Reservoir,120,93470,79.45,61882.49,66.21,3022,3116
31-01-2021,BHAVANISAGAR,Tamil Nadu,Storage Reservoir,105,32800,49.58,15488.6,47.22,284,237
31-01-2021,AMARAVATHI,Tamil Nadu,Storage Reservoir,90,4047,63.8,2869.04,70.89,119,107
31-01-2021,KRISHNA_RAJA_SAGARA,Karnataka,Storage Reservoir,124.8,49452,58.54,23196.33,46.91,405,363
31-01-2021,KABINI,Karnataka,Storage Reservoir,84,19520,56.19,13056.57,66.89,224,238
31-01-2021,KALLANAI,Tamil Nadu,Barrage / Diversion Structure,0,0,0,0,100,1482,1482
07-02-2021,METTUR,Tamil Nadu,Storage Reservoir,120,93470,81.39,63394.67,67.82,2407,2482
07-02-2021,BHAVANISAGAR,Tamil Nadu,Storage Reservoir,105,32800,62.8,19618.95,59.81,415,385
07-02-2021,AMARAVATHI,Tamil Nadu,Storage Reservoir,90,4047,41.19,1852.01,45.76,59,47
07-02-2021,KRISHNA_RAJA_SAGARA,Karnataka,Storage Reservoir,124.8,49452,79.99,31694.93,64.09,499,475
07-02-2021,KABINI,Karnataka,Storage Reservoir,84,19520,60.67,14098.71,72.23,181,167
07-02-2021,KALLANAI,Tamil Nadu,Barrage / Diversion Structure,0,0,0,0,100,383,383
14-02-2021,METTUR,Tamil Nadu,Storage Reservoir,120,93470,59.8,46582.31,49.84,2110,2199
14-02-2021,BHAVANISAGAR,Tamil Nadu,Storage Reservoir,105,32800,67.2,20992.69,64,519,540
14-02-2021,AMARAVATHI,Tamil Nadu,Storage Reservoir,90,4047,45.54,2047.66,50.6,89,85
14-02-2021,KRISHNA_RAJA_SAGARA,Karnataka,Storage Reservoir,124.8,49452,86.39,34232.26,69.22,796,712
14-02-2021,KABINI,Karnataka,Storage Reservoir,84,19520,40.57,9428.46,48.3,163,151
14-02-2021,KALLANAI,Tamil Nadu,Barrage / Diversion Structure,0,0,0,0,100,888,888
21-02-2021,METTUR,Tamil Nadu,Storage Reservoir,120,93470,69.03,53766.12,57.52,1364,1140
21-02-2021,BHAVANISAGAR,Tamil Nadu,Storage Reservoir,105,32800,57.88,18082.13,55.13,479,429
21-02-2021,AMARAVATHI,Tamil Nadu,Storage Reservoir,90,4047,54.51,2451.01,60.56,98,89
21-02-2021,KRISHNA_RAJA_SAGARA,Karnataka,Storage Reservoir,124.8,49452,92.54,36670.37,74.15,733,641
21-02-2021,KABINI,Karnataka,Storage Reservoir,84,19520,50.33,11695.89,59.92,158,139
21-02-2021,KALLANAI,Tamil Nadu,Barrage / Diversion Structure,0,0,0,0,100,687,687
28-02-2021,METTUR,Tamil Nadu,Storage Reservoir,120,93470,64.03,49875.03,53.36,1451,1265
28-02-2021,BHAVANISAGAR,Tamil Nadu,Storage Reservoir,105,32800,51.81,16185.77,49.35,650,712
28-02-2021,AMARAVATHI,Tamil Nadu,Storage Reservoir,90,4047,47.04,2115.03,52.26,52,53
28-02-2021,KRISHNA_RAJA_SAGARA,Karnataka,Storage Reservoir,124.8,49452,65.06,25778.9,52.13,1218,1108
28-02-2021,KABINI,Karnataka,Storage Reservoir,84,19520,53.73,12486.78,63.97,443,425
28-02-2021,KALLANAI,Tamil Nadu,Barrage / Diversion Structure,0,0,0,0,100,868,868
07-03-2021,METTUR,Tamil Nadu,Storage Reservoir,120,93470,31.47,24510.88,26.22,1400,1404
07-03-2021,BHAVANISAGAR,Tamil Nadu,Storage Reservoir,105,32800,26.77,8363.22,25.5,544,472
07-03-2021,AMARAVATHI,Tamil Nadu,Storage Reservoir,90,4047,39.92,1795.05,44.36,37,37
07-03-2021,KRISHNA_RAJA_SAGARA,Karnataka,Storage Reservoir,124.8,49452,45.68,18100.45,36.6,1166,980
07-03-2021,KABINI,Karnataka,Storage Reservoir,84,19520,29.59,6877.28,35.23,196,211
07-03-2021,KALLANAI,Tamil Nadu,Barrage / Diversion Structure,0,0,0,0,100,406,406
14-03-2021,METTUR,Tamil Nadu,Storage Reservoir,120,93470,49.99,38935.89,41.66,2535,2211
14-03-2021,BHAVANISAGAR,Tamil Nadu,Storage Reservoir,105,32800,29.18,9116.13,27.79,1063,1137
14-03-2021,AMARAVATHI,Tamil Nadu,Storage Reservoir,90,4047,39.59,1780.4,43.99,89,80
14-03-2021,KRISHNA_RAJA_SAGARA,Karnataka,Storage Reservoir,124.8,49452,58.38,23132.99,46.78,1602,1707
14-03-2021,KABINI,Karnataka,Storage Reservoir,84,19520,40.65,9446.95,48.4,517,426
14-03-2021,KALLANAI,Tamil Nadu,Barrage / Diversion Structure,0,0,0,0,100,918,918
21-03-2021,METTUR,Tamil Nadu,Storage Reservoir,120,93470,33.65,26212.86,28.04,1107,887
21-03-2021,BHAVANISAGAR,Tamil Nadu,Storage Reservoir,105,32800,31.32,9782.35,29.82,761,766
21-03-2021,AMARAVATHI,Tamil Nadu,Storage Reservoir,90,4047,40.1,1803.3,44.56,29,29
21-03-2021,KRISHNA_RAJA_SAGARA,Karnataka,Storage Reservoir,124.8,49452,40.08,15882.73,32.12,903,924
21-03-2021,KABINI,Karnataka,Storage Reservoir,84,19520,37.37,8684.25,44.49,582,580
21-03-2021,KALLANAI,Tamil Nadu,Barrage / Diversion Structure,0,0,0,0,100,274,274
28-03-2021,METTUR,Tamil Nadu,Storage Reservoir,120,93470,38.78,30209.21,32.32,2107,1934
28-03-2021,BHAVANISAGAR,Tamil Nadu,Storage Reservoir,105,32800,54.35,16977.74,51.76,643,667
28-03-2021,AMARAVATHI,Tamil Nadu,Storage Reservoir,90,4047,36.07,1622,40.08,66,62
28-03-2021,KRISHNA_RAJA_SAGARA,Karnataka,Storage Reservoir,124.8,49452,38.51,15259.55,30.86,1049,927
28-03-2021,KABINI,Karnataka,Storage Reservoir,84,19520,21.61,5022.39,25.73,388,331
28-03-2021,KALLANAI,Tamil Nadu,Barrage / Diversion Structure,0,0,0,0,100,963,963
04-04-2021,METTUR,Tamil Nadu,Storage Reservoir,120,93470,30.56,23800.92,25.46,2323,2156
04-04-2021,BHAVANISAGAR,Tamil Nadu,Storage Reservoir,105,32800,56.7,17711.88,54,1358,1433
04-04-2021,AMARAVATHI,Tamil Nadu,Storage Reservoir,90,4047,30.45,1369.24,33.83,62,65
04-04-2021,KRISHNA_RAJA_SAGARA,Karnataka,Storage Reservoir,124.8,49452,43.07,17064.73,34.51,936,905
04-04-2021,KABINI,Karnataka,Storage Reservoir,84,19520,44.59,10362.12,53.08,660,640
04-04-2021,KALLANAI,Tamil Nadu,Barrage / Diversion Structure,0,0,0,0,100,692,692
11-04-2021,METTUR,Tamil Nadu,Storage Reservoir,120,93470,48.66,37901.98,40.55,1648,1684
11-04-2021,BHAVANISAGAR,Tamil Nadu,Storage Reservoir,105,32800,48.21,15058.63,45.91,1175,1066
11-04-2021,AMARAVATHI,Tamil Nadu,Storage Reservoir,90,4047,30.43,1368.2,33.81,67,69
11-04-2021,KRISHNA_RAJA_SAGARA,Karnataka,Storage Reservoir,124.8,49452,63.66,25226.54,51.01,2082,1984
11-04-2021,KABINI,Karnataka,Storage Reservoir,84,19520,33.64,7816.88,40.05,755,751
11-04-2021,KALLANAI,Tamil Nadu,Barrage / Diversion Structure,0,0,0,0,100,836,836
18-04-2021,METTUR,Tamil Nadu,Storage Reservoir,120,93470,43.52,33899.22,36.27,930,905
18-04-2021,BHAVANISAGAR,Tamil Nadu,Storage Reservoir,105,32800,27.38,8553.67,26.08,880,847
18-04-2021,AMARAVATHI,Tamil Nadu,Storage Reservoir,90,4047,30.24,1359.64,33.6,73,59
18-04-2021,KRISHNA_RAJA_SAGARA,Karnataka,Storage Reservoir,124.8,49452,32.6,12917.08,26.12,1818,1650
18-04-2021,KABINI,Karnataka,Storage Reservoir,84,19520,24.2,5624.07,28.81,554,571
18-04-2021,KALLANAI,Tamil Nadu,Barrage / Diversion Structure,0,0,0,0,100,698,698
25-04-2021,METTUR,Tamil Nadu,Storage Reservoir,120,93470,49.13,38267.22,40.94,1073,1063
25-04-2021,BHAVANISAGAR,Tamil Nadu,Storage Reservoir,105,32800,49.12,15344.74,46.78,566,540
25-04-2021,AMARAVATHI,Tamil Nadu,Storage Reservoir,90,4047,31.22,1403.85,34.69,57,50
25-04-2021,KRISHNA_RAJA_SAGARA,Karnataka,Storage Reservoir,124.8,49452,47.64,18875.4,38.17,334,269
25-04-2021,KABINI,Karnataka,Storage Reservoir,84,19520,45.26,10517.27,53.88,305,307
25-04-2021,KALLANAI,Tamil Nadu,Barrage / Diversion Structure,0,0,0,0,100,338,338
02-05-2021,METTUR,Tamil Nadu,Storage Reservoir,120,93470,49.77,38768.36,41.48,1703,1699
02-05-2021,BHAVANISAGAR,Tamil Nadu,Storage Reservoir,105,32800,35.07,10954.55,33.4,626,639
02-05-2021,AMARAVATHI,Tamil Nadu,Storage Reservoir,90,4047,37.47,1684.79,41.63,67,62
02-05-2021,KRISHNA_RAJA_SAGARA,Karnataka,Storage Reservoir,124.8,49452,40.48,16038.24,32.43,555,570
02-05-2021,KABINI,Karnataka,Storage Reservoir,84,19520,21.36,4964.29,25.43,157,127
02-05-2021,KALLANAI,Tamil Nadu,Barrage / Diversion Structure,0,0,0,0,100,884,884
09-05-2021,METTUR,Tamil Nadu,Storage Reservoir,120,93470,33.52,26110.87,27.94,1805,1700
09-05-2021,BHAVANISAGAR,Tamil Nadu,Storage Reservoir,105,32800,31.71,9904.31,30.2,737,677
09-05-2021,AMARAVATHI,Tamil Nadu,Storage Reservoir,90,4047,39.13,1759.45,43.48,89,72
09-05-2021,KRISHNA_RAJA_SAGARA,Karnataka,Storage Reservoir,124.8,49452,45.23,17920.6,36.24,1340,1274
09-05-2021,KABINI,Karnataka,Storage Reservoir,84,19520,42.58,9895.6,50.69,544,461
09-05-2021,KALLANAI,Tamil Nadu,Barrage / Diversion Structure,0,0,0,0,100,713,713
16-05-2021,METTUR,Tamil Nadu,Storage Reservoir,120,93470,63.85,49732.5,53.21,2182,1999
16-05-2021,BHAVANISAGAR,Tamil Nadu,Storage Reservoir,105,32800,46.51,14529.96,44.3,330,318
16-05-2021,AMARAVATHI,Tamil Nadu,Storage Reservoir,90,4047,47.92,2154.78,53.24,77,83
16-05-2021,KRISHNA_RAJA_SAGARA,Karnataka,Storage Reservoir,124.8,49452,65.1,25794.42,52.16,362,297
16-05-2021,KABINI,Karnataka,Storage Reservoir,84,19520,23.54,5470.16,28.02,106,87
16-05-2021,KALLANAI,Tamil Nadu,Barrage / Diversion Structure,0,0,0,0,100,256,256
23-05-2021,METTUR,Tamil Nadu,Storage Reservoir,120,93470,30.84,24020.07,25.7,3304,2922
23-05-2021,BHAVANISAGAR,Tamil Nadu,Storage Reservoir,105,32800,29.97,9362.74,28.54,642,634
23-05-2021,AMARAVATHI,Tamil Nadu,Storage Reservoir,90,4047,46.19,2077.09,51.32,134,139
23-05-2021,KRISHNA_RAJA_SAGARA,Karnataka,Storage Reservoir,124.8,49452,41.76,16547.15,33.46,548,561
23-05-2021,KABINI,Karnataka,Storage Reservoir,84,19520,41.33,9604.82,49.21,476,439
23-05-2021,KALLANAI,Tamil Nadu,Barrage / Diversion Structure,0,0,0,0,100,821,821
30-05-2021,METTUR,Tamil Nadu,Storage Reservoir,120,93470,60.9,47438.25,50.75,2484,2546
30-05-2021,BHAVANISAGAR,Tamil Nadu,Storage Reservoir,105,32800,50.02,15624.7,47.64,332,355
30-05-2021,AMARAVATHI,Tamil Nadu,Storage Reservoir,90,4047,36.14,1625.18,40.16,153,137
30-05-2021,KRISHNA_RAJA_SAGARA,Karnataka,Storage Reservoir,124.8,49452,64.73,25648.62,51.87,739,593
30-05-2021,KABINI,Karnataka,Storage Reservoir,84,19520,43.82,10181.92,52.16,194,173
30-05-2021,KALLANAI,Tamil Nadu,Barrage / Diversion Structure,0,0,0,0,100,960,960
06-06-2021,METTUR,Tamil Nadu,Storage Reservoir,120,93470,70.14,54636.36,58.45,3356,3015
06-06-2021,BHAVANISAGAR,Tamil Nadu,Storage Reservoir,105,32800,68.43,21377.58,65.18,8106,8409
06-06-2021,AMARAVATHI,Tamil Nadu,Storage Reservoir,90,4047,61.82,2779.83,68.69,108,102
06-06-2021,KRISHNA_RAJA_SAGARA,Karnataka,Storage Reservoir,124.8,49452,58.31,23107.32,46.73,10242,9550
06-06-2021,KABINI,Karnataka,Storage Reservoir,84,19520,60.17,13982.4,71.63,3277,2736
06-06-2021,KALLANAI,Tamil Nadu,Barrage / Diversion Structure,0,0,0,0,100,4681,4681
13-06-2021,METTUR,Tamil Nadu,Storage Reservoir,120,93470,57.64,44897.08,48.03,2442,2467
13-06-2021,BHAVANISAGAR,Tamil Nadu,Storage Reservoir,105,32800,49.54,15475.99,47.18,9371,9482
13-06-2021,AMARAVATHI,Tamil Nadu,Storage Reservoir,90,4047,42.7,1919.92,47.44,105,115
13-06-2021,KRISHNA_RAJA_SAGARA,Karnataka,Storage Reservoir,124.8,49452,70.17,27805.93,56.23,9306,9713
13-06-2021,KABINI,Karnataka,Storage Reservoir,84,19520,61.67,14331.09,73.42,6269,6432
13-06-2021,KALLANAI,Tamil Nadu,Barrage / Diversion Structure,0,0,0,0,100,8989,8989
20-06-2021,METTUR,Tamil Nadu,Storage Reservoir,120,93470,74.1,57719.71,61.75,4413,4730
20-06-2021,BHAVANISAGAR,Tamil Nadu,Storage Reservoir,105,32800,50.75,15854.18,48.34,4829,3879
20-06-2021,AMARAVATHI,Tamil Nadu,Storage Reservoir,90,4047,53.15,2390.15,59.06,115,96
20-06-2021,KRISHNA_RAJA_SAGARA,Karnataka,Storage Reservoir,124.8,49452,60.56,23996.97,48.53,8430,8630
20-06-2021,KABINI,Karnataka,Storage Reservoir,84,19520,52.5,12200.21,62.5,4234,3863
20-06-2021,KALLANAI,Tamil Nadu,Barrage / Diversion Structure,0,0,0,0,100,5698,5698
27-06-2021,METTUR,Tamil Nadu,Storage Reservoir,120,93470,88.68,69071.22,73.9,1385,1510
27-06-2021,BHAVANISAGAR,Tamil Nadu,Storage Reservoir,105,32800,48.61,15184.69,46.29,10351,9919
27-06-2021,AMARAVATHI,Tamil Nadu,Storage Reservoir,90,4047,67.31,3026.71,74.79,67,64
27-06-2021,KRISHNA_RAJA_SAGARA,Karnataka,Storage Reservoir,124.8,49452,92.45,36633.58,74.08,11477,11348
27-06-2021,KABINI,Karnataka,Storage Reservoir,84,19520,55.33,12858.3,65.87,4226,4176
27-06-2021,KALLANAI,Tamil Nadu,Barrage / Diversion Structure,0,0,0,0,100,12273,12273
04-07-2021,METTUR,Tamil Nadu,Storage Reservoir,120,93470,64.11,49939.99,53.43,2957,3155
04-07-2021,BHAVANISAGAR,Tamil Nadu,Storage Reservoir,105,32800,61.6,19243.66,58.67,8454,7466
04-07-2021,AMARAVATHI,Tamil Nadu,Storage Reservoir,90,4047,45.58,2049.55,50.64,85,77
04-07-2021,KRISHNA_RAJA_SAGARA,Karnataka,Storage Reservoir,124.8,49452,78.01,30912.29,62.51,6574,7180
04-07-2021,KABINI,Karnataka,Storage Reservoir,84,19520,62.65,14559.25,74.59,5381,5170
04-07-2021,KALLANAI,Tamil Nadu,Barrage / Diversion Structure,0,0,0,0,100,7588,7588
11-07-2021,METTUR,Tamil Nadu,Storage Reservoir,120,93470,59.85,46621.44,49.88,6249,6541
11-07-2021,BHAVANISAGAR,Tamil Nadu,Storage Reservoir,105,32800,77.17,24106.03,73.49,8900,8757
11-07-2021,AMARAVATHI,Tamil Nadu,Storage Reservoir,90,4047,51.79,2328.94,57.55,274,290
11-07-2021,KRISHNA_RAJA_SAGARA,Karnataka,Storage Reservoir,124.8,49452,57.85,22924.25,46.36,5762,5260
11-07-2021,KABINI,Karnataka,Storage Reservoir,84,19520,58.23,13530.6,69.32,6427,5431
11-07-2021,KALLANAI,Tamil Nadu,Barrage / Diversion Structure,0,0,0,0,100,13067,13067
18-07-2021,METTUR,Tamil Nadu,Storage Reservoir,120,93470,84.32,65675.36,70.26,7355,6918
18-07-2021,BHAVANISAGAR,Tamil Nadu,Storage Reservoir,105,32800,60.32,18841.82,57.44,4517,3689
18-07-2021,AMARAVATHI,Tamil Nadu,Storage Reservoir,90,4047,63.85,2871.01,70.94,312,343
18-07-2021,KRISHNA_RAJA_SAGARA,Karnataka,Storage Reservoir,124.8,49452,93.47,37039.11,74.9,9295,9580
18-07-2021,KABINI,Karnataka,Storage Reservoir,84,19520,61.61,14316.55,73.34,4691,4100
18-07-2021,KALLANAI,Tamil Nadu,Barrage / Diversion Structure,0,0,0,0,100,9306,9306
25-07-2021,METTUR,Tamil Nadu,Storage Reservoir,120,93470,75.82,59059.24,63.19,3961,3966
25-07-2021,BHAVANISAGAR,Tamil Nadu,Storage Reservoir,105,32800,66.72,20842.38,63.54,4304,3589
25-07-2021,AMARAVATHI,Tamil Nadu,Storage Reservoir,90,4047,58.63,2636.51,65.15,240,247
25-07-2021,KRISHNA_RAJA_SAGARA,Karnataka,Storage Reservoir,124.8,49452,75.63,29970.34,60.6,10225,9872
25-07-2021,KABINI,Karnataka,Storage Reservoir,84,19520,51.94,12068.85,61.83,4109,3784
25-07-2021,KALLANAI,Tamil Nadu,Barrage / Diversion Structure,0,0,0,0,100,3949,3949
01-08-2021,METTUR,Tamil Nadu,Storage Reservoir,120,93470,100.33,78149.6,83.61,5650,4880
01-08-2021,BHAVANISAGAR,Tamil Nadu,Storage Reservoir,105,32800,72.55,22661.9,69.09,2411,2182
01-08-2021,AMARAVATHI,Tamil Nadu,Storage Reservoir,90,4047,74.43,3346.77,82.7,181,168
01-08-2021,KRISHNA_RAJA_SAGARA,Karnataka,Storage Reservoir,124.8,49452,114.97,45557.54,92.12,5993,5718
01-08-2021,KABINI,Karnataka,Storage Reservoir,84,19520,74.35,17277.07,88.51,2500,2466
01-08-2021,KALLANAI,Tamil Nadu,Barrage / Diversion Structure,0,0,0,0,100,12753,12753
08-08-2021,METTUR,Tamil Nadu,Storage Reservoir,120,93470,111.36,86737.94,92.8,2400,2105
08-08-2021,BHAVANISAGAR,Tamil Nadu,Storage Reservoir,105,32800,82.71,25837.9,78.77,11405,10809
08-08-2021,AMARAVATHI,Tamil Nadu,Storage Reservoir,90,4047,67.38,3029.69,74.86,118,102
08-08-2021,KRISHNA_RAJA_SAGARA,Karnataka,Storage Reservoir,124.8,49452,83.96,33269.28,67.28,7306,6125
08-08-2021,KABINI,Karnataka,Storage Reservoir,84,19520,58.43,13577.54,69.56,2929,2906
08-08-2021,KALLANAI,Tamil Nadu,Barrage / Diversion Structure,0,0,0,0,100,5691,5691
15-08-2021,METTUR,Tamil Nadu,Storage Reservoir,120,93470,95.06,74045.86,79.22,6097,5192
15-08-2021,BHAVANISAGAR,Tamil Nadu,Storage Reservoir,105,32800,74.31,23212.12,70.77,3096,2633
15-08-2021,AMARAVATHI,Tamil Nadu,Storage Reservoir,90,4047,66.02,2968.79,73.36,153,126
15-08-2021,KRISHNA_RAJA_SAGARA,Karnataka,Storage Reservoir,124.8,49452,85.64,33933.51,68.62,8294,7148
15-08-2021,KABINI,Karnataka,Storage Reservoir,84,19520,63.78,14821.16,75.93,3419,3443
15-08-2021,KALLANAI,Tamil Nadu,Barrage / Diversion Structure,0,0,0,0,100,2893,2893
22-08-2021,METTUR,Tamil Nadu,Storage Reservoir,120,93470,80.94,63048.11,67.45,5792,6233
22-08-2021,BHAVANISAGAR,Tamil Nadu,Storage Reservoir,105,32800,70.17,21921.01,66.83,5604,5838
22-08-2021,AMARAVATHI,Tamil Nadu,Storage Reservoir,90,4047,78.7,3539.01,87.45,124,106
22-08-2021,KRISHNA_RAJA_SAGARA,Karnataka,Storage Reservoir,124.8,49452,94.99,37639.98,76.11,10708,10552
22-08-2021,KABINI,Karnataka,Storage Reservoir,84,19520,63.9,14848.36,76.07,4132,4232
22-08-2021,KALLANAI,Tamil Nadu,Barrage / Diversion Structure,0,0,0,0,100,3282,3282
29-08-2021,METTUR,Tamil Nadu,Storage Reservoir,120,93470,110.23,85857.99,91.86,4589,4403
29-08-2021,BHAVANISAGAR,Tamil Nadu,Storage Reservoir,105,32800,71.63,22374.57,68.22,5134,4927
29-08-2021,AMARAVATHI,Tamil Nadu,Storage Reservoir,90,4047,65.05,2924.93,72.27,151,137
29-08-2021,KRISHNA_RAJA_SAGARA,Karnataka,Storage Reservoir,124.8,49452,81.87,32441.57,65.6,6717,5799
29-08-2021,KABINI,Karnataka,Storage Reservoir,84,19520,62.85,14605.82,74.82,1999,2133
29-08-2021,KALLANAI,Tamil Nadu,Barrage / Diversion Structure,0,0,0,0,100,10386,10386
05-09-2021,METTUR,Tamil Nadu,Storage Reservoir,120,93470,95.94,74732.32,79.95,2828,2718
05-09-2021,BHAVANISAGAR,Tamil Nadu,Storage Reservoir,105,32800,86.74,27094.52,82.61,8493,7894
05-09-2021,AMARAVATHI,Tamil Nadu,Storage Reservoir,90,4047,61.94,2785.45,68.83,163,148
05-09-2021,KRISHNA_RAJA_SAGARA,Karnataka,Storage Reservoir,124.8,49452,105.3,41726.37,84.38,11009,9983
05-09-2021,KABINI,Karnataka,Storage Reservoir,84,19520,79.46,18465.03,94.6,4487,3908
05-09-2021,KALLANAI,Tamil Nadu,Barrage / Diversion Structure,0,0,0,0,100,4311,4311
12-09-2021,METTUR,Tamil Nadu,Storage Reservoir,120,93470,83.78,65261.17,69.82,1914,1694
12-09-2021,BHAVANISAGAR,Tamil Nadu,Storage Reservoir,105,32800,73.71,23026,70.2,7114,5862
12-09-2021,AMARAVATHI,Tamil Nadu,Storage Reservoir,90,4047,72.66,3267.36,80.74,109,119
12-09-2021,KRISHNA_RAJA_SAGARA,Karnataka,Storage Reservoir,124.8,49452,85.31,33805.96,68.36,6894,7520
12-09-2021,KABINI,Karnataka,Storage Reservoir,84,19520,76.41,17756.41,90.97,3992,3502
12-09-2021,KALLANAI,Tamil Nadu,Barrage / Diversion Structure,0,0,0,0,100,3907,3907
19-09-2021,METTUR,Tamil Nadu,Storage Reservoir,120,93470,98.04,76367.69,81.7,5726,5061
19-09-2021,BHAVANISAGAR,Tamil Nadu,Storage Reservoir,105,32800,92.49,28891.81,88.08,4661,4181
19-09-2021,AMARAVATHI,Tamil Nadu,Storage Reservoir,90,4047,69.99,3147.07,77.76,233,203
19-09-2021,KRISHNA_RAJA_SAGARA,Karnataka,Storage Reservoir,124.8,49452,85.42,33847.47,68.45,11361,10072
19-09-2021,KABINI,Karnataka,Storage Reservoir,84,19520,69.25,16091.73,82.44,2642,2494
19-09-2021,KALLANAI,Tamil Nadu,Barrage / Diversion Structure,0,0,0,0,100,11780,11780
26-09-2021,METTUR,Tamil Nadu,Storage Reservoir,120,93470,82.84,64524.62,69.03,1762,1932
26-09-2021,BHAVANISAGAR,Tamil Nadu,Storage Reservoir,105,32800,78.4,24491.96,74.67,6237,5466
26-09-2021,AMARAVATHI,Tamil Nadu,Storage Reservoir,90,4047,76.9,3457.96,85.45,170,166
26-09-2021,KRISHNA_RAJA_SAGARA,Karnataka,Storage Reservoir,124.8,49452,98.78,39139.92,79.15,6546,5921
26-09-2021,KABINI,Karnataka,Storage Reservoir,84,19520,78.02,18131.32,92.89,3770,4107
26-09-2021,KALLANAI,Tamil Nadu,Barrage / Diversion Structure,0,0,0,0,100,3229,3229
03-10-2021,METTUR,Tamil Nadu,Storage Reservoir,120,93470,84.52,65837.46,70.44,13440,13740
03-10-2021,BHAVANISAGAR,Tamil Nadu,Storage Reservoir,105,32800,86.35,26972.82,82.23,3047,2565
03-10-2021,AMARAVATHI,Tamil Nadu,Storage Reservoir,90,4047,79.97,3596.08,88.86,720,611
03-10-2021,KRISHNA_RAJA_SAGARA,Karnataka,Storage Reservoir,124.8,49452,87.27,34580.78,69.93,4500,4498
03-10-2021,KABINI,Karnataka,Storage Reservoir,84,19520,67.78,15751.07,80.69,1160,1233
03-10-2021,KALLANAI,Tamil Nadu,Barrage / Diversion Structure,0,0,0,0,100,11471,11471
10-10-2021,METTUR,Tamil Nadu,Storage Reservoir,120,93470,91.57,71325.4,76.31,18348,16337
10-10-2021,BHAVANISAGAR,Tamil Nadu,Storage Reservoir,105,32800,91.8,28676.48,87.43,2389,2077
10-10-2021,AMARAVATHI,Tamil Nadu,Storage Reservoir,90,4047,82.79,3722.72,91.99,729,702
10-10-2021,KRISHNA_RAJA_SAGARA,Karnataka,Storage Reservoir,124.8,49452,115.06,45591.86,92.19,4039,3372
10-10-2021,KABINI,Karnataka,Storage Reservoir,84,19520,78.28,18191.66,93.19,1599,1439
10-10-2021,KALLANAI,Tamil Nadu,Barrage / Diversion Structure,0,0,0,0,100,5269,5269
17-10-2021,METTUR,Tamil Nadu,Storage Reservoir,120,93470,97.2,75714.28,81,28924,29982
17-10-2021,BHAVANISAGAR,Tamil Nadu,Storage Reservoir,105,32800,73.03,22812.48,69.55,1910,1670
17-10-2021,AMARAVATHI,Tamil Nadu,Storage Reservoir,90,4047,78.59,3533.78,87.32,479,465
17-10-2021,KRISHNA_RAJA_SAGARA,Karnataka,Storage Reservoir,124.8,49452,109.67,43455.33,87.87,4885,4409
17-10-2021,KABINI,Karnataka,Storage Reservoir,84,19520,75.3,17497.28,89.64,855,901
17-10-2021,KALLANAI,Tamil Nadu,Barrage / Diversion Structure,0,0,0,0,100,5372,5372
24-10-2021,METTUR,Tamil Nadu,Storage Reservoir,120,93470,83.4,64959.33,69.5,16340,16612
24-10-2021,BHAVANISAGAR,Tamil Nadu,Storage Reservoir,105,32800,90.93,28405.16,86.6,2091,2108
24-10-2021,AMARAVATHI,Tamil Nadu,Storage Reservoir,90,4047,73.15,3289.47,81.28,729,658
24-10-2021,KRISHNA_RAJA_SAGARA,Karnataka,Storage Reservoir,124.8,49452,87.92,34837.91,70.45,3892,3794
24-10-2021,KABINI,Karnataka,Storage Reservoir,84,19520,64.7,15035.39,77.03,1049,1137
24-10-2021,KALLANAI,Tamil Nadu,Barrage / Diversion Structure,0,0,0,0,100,5902,5902
31-10-2021,METTUR,Tamil Nadu,Storage Reservoir,120,93470,100.01,77901.29,83.34,10198,10826
31-10-2021,BHAVANISAGAR,Tamil Nadu,Storage Reservoir,105,32800,97.61,30492.04,92.96,2216,2235
31-10-2021,AMARAVATHI,Tamil Nadu,Storage Reservoir,90,4047,83.41,3750.56,92.67,1028,869
31-10-2021,KRISHNA_RAJA_SAGARA,Karnataka,Storage Reservoir,124.8,49452,102.7,40693.38,82.29,3472,3219
31-10-2021,KABINI,Karnataka,Storage Reservoir,84,19520,73.16,17000.62,87.09,1776,1913
31-10-2021,KALLANAI,Tamil Nadu,Barrage / Diversion Structure,0,0,0,0,100,10770,10770
07-11-2021,METTUR,Tamil Nadu,Storage Reservoir,120,93470,108.2,84279.04,90.17,15092,16242
07-11-2021,BHAVANISAGAR,Tamil Nadu,Storage Reservoir,105,32800,95.65,29879.78,91.1,1488,1454
07-11-2021,AMARAVATHI,Tamil Nadu,Storage Reservoir,90,4047,69.27,3114.98,76.97,580,522
07-11-2021,KRISHNA_RAJA_SAGARA,Karnataka,Storage Reservoir,124.8,49452,111.18,44054.61,89.09,1111,999
07-11-2021,KABINI,Karnataka,Storage Reservoir,84,19520,64.63,15019.68,76.95,901,969
07-11-2021,KALLANAI,Tamil Nadu,Barrage / Diversion Structure,0,0,0,0,100,9851,9851
14-11-2021,METTUR,Tamil Nadu,Storage Reservoir,120,93470,94.28,73436.14,78.57,15831,14813
14-11-2021,BHAVANISAGAR,Tamil Nadu,Storage Reservoir,105,32800,72.69,22706.03,69.23,1195,1134
14-11-2021,AMARAVATHI,Tamil Nadu,Storage Reservoir,90,4047,69.81,3139.17,77.57,1338,1215
14-11-2021,KRISHNA_RAJA_SAGARA,Karnataka,Storage Reservoir,124.8,49452,102.86,40757.18,82.42,3016,2424
14-11-2021,KABINI,Karnataka,Storage Reservoir,84,19520,71.32,16573.67,84.91,713,775
14-11-2021,KALLANAI,Tamil Nadu,Barrage / Diversion Structure,0,0,0,0,100,5655,5655
21-11-2021,METTUR,Tamil Nadu,Storage Reservoir,120,93470,113.89,88708.85,94.91,15787,15449
21-11-2021,BHAVANISAGAR,Tamil Nadu,Storage Reservoir,105,32800,70.36,21980.03,67.01,2319,2001
21-11-2021,AMARAVATHI,Tamil Nadu,Storage Reservoir,90,4047,82.75,3720.88,91.94,480,411
21-11-2021,KRISHNA_RAJA_SAGARA,Karnataka,Storage Reservoir,124.8,49452,82.49,32686.04,66.1,2720,2636
21-11-2021,KABINI,Karnataka,Storage Reservoir,84,19520,56.26,13072.79,66.97,1408,1317
21-11-2021,KALLANAI,Tamil Nadu,Barrage / Diversion Structure,0,0,0,0,100,9924,9924
28-11-2021,METTUR,Tamil Nadu,Storage Reservoir,120,93470,98.15,76448.37,81.79,12253,10471
28-11-2021,BHAVANISAGAR,Tamil Nadu,Storage Reservoir,105,32800,95.4,29799.97,90.85,2733,2492
28-11-2021,AMARAVATHI,Tamil Nadu,Storage Reservoir,90,4047,65.81,2959.26,73.12,926,854
28-11-2021,KRISHNA_RAJA_SAGARA,Karnataka,Storage Reservoir,124.8,49452,82.07,32520.42,65.76,1869,1896
28-11-2021,KABINI,Karnataka,Storage Reservoir,84,19520,71.2,16546.66,84.77,592,513
28-11-2021,KALLANAI,Tamil Nadu,Barrage / Diversion Structure,0,0,0,0,100,6447,6447
05-12-2021,METTUR,Tamil Nadu,Storage Reservoir,120,93470,57.75,44980.81,48.12,19679,16797
05-12-2021,BHAVANISAGAR,Tamil Nadu,Storage Reservoir,105,32800,67.81,21183.02,64.58,1619,1343
05-12-2021,AMARAVATHI,Tamil Nadu,Storage Reservoir,90,4047,47.07,2116.39,52.3,801,846
05-12-2021,KRISHNA_RAJA_SAGARA,Karnataka,Storage Reservoir,124.8,49452,87.24,34570.21,69.91,2967,2968
05-12-2021,KABINI,Karnataka,Storage Reservoir,84,19520,42.97,9984.39,51.15,1035,1106
05-12-2021,KALLANAI,Tamil Nadu,Barrage / Diversion Structure,0,0,0,0,100,2481,2481
12-12-2021,METTUR,Tamil Nadu,Storage Reservoir,120,93470,54.96,42805.49,45.8,11515,11226
12-12-2021,BHAVANISAGAR,Tamil Nadu,Storage Reservoir,105,32800,60.52,18906.82,57.64,1983,2072
12-12-2021,AMARAVATHI,Tamil Nadu,Storage Reservoir,90,4047,49.73,2236.15,55.25,555,507
12-12-2021,KRISHNA_RAJA_SAGARA,Karnataka,Storage Reservoir,124.8,49452,78.26,31010.78,62.71,1649,1627
12-12-2021,KABINI,Karnataka,Storage Reservoir,84,19520,48.12,11181.51,57.28,891,829
12-12-2021,KALLANAI,Tamil Nadu,Barrage / Diversion Structure,0,0,0,0,100,6533,6533
19-12-2021,METTUR,Tamil Nadu,Storage Reservoir,120,93470,59.04,45990.41,49.2,30233,28607
19-12-2021,BHAVANISAGAR,Tamil Nadu,Storage Reservoir,105,32800,75.43,23562.39,71.84,3322,3081
19-12-2021,AMARAVATHI,Tamil Nadu,Storage Reservoir,90,4047,41.11,1848.43,45.67,735,707
19-12-2021,KRISHNA_RAJA_SAGARA,Karnataka,Storage Reservoir,124.8,49452,79.88,31651.43,64,2921,2458
19-12-2021,KABINI,Karnataka,Storage Reservoir,84,19520,58.84,13673.35,70.05,2258,2162
19-12-2021,KALLANAI,Tamil Nadu,Barrage / Diversion Structure,0,0,0,0,100,6650,6650
26-12-2021,METTUR,Tamil Nadu,Storage Reservoir,120,93470,86.91,67699.35,72.43,9344,9091
26-12-2021,BHAVANISAGAR,Tamil Nadu,Storage Reservoir,105,32800,55.88,17456.7,53.22,1759,1750
26-12-2021,AMARAVATHI,Tamil Nadu,Storage Reservoir,90,4047,62.9,2828.54,69.89,462,371
26-12-2021,KRISHNA_RAJA_SAGARA,Karnataka,Storage Reservoir,124.8,49452,61.28,24284.18,49.11,3523,3742
26-12-2021,KABINI,Karnataka,Storage Reservoir,84,19520,52.85,12282.45,62.92,1093,1092
26-12-2021,KALLANAI,Tamil Nadu,Barrage / Diversion Structure,0,0,0,0,100,4552,4552
02-01-2022,METTUR,Tamil Nadu,Storage Reservoir,120,93470,67.79,52805.09,56.49,1750,1424
02-01-2022,BHAVANISAGAR,Tamil Nadu,Storage Reservoir,105,32800,52.49,16396.23,49.99,1148,946
02-01-2022,AMARAVATHI,Tamil Nadu,Storage Reservoir,90,4047,56.79,2553.44,63.09,55,50
02-01-2022,KRISHNA_RAJA_SAGARA,Karnataka,Storage Reservoir,124.8,49452,66.97,26536.34,53.66,1197,1215
02-01-2022,KABINI,Karnataka,Storage Reservoir,84,19520,45.29,10523.94,53.91,588,554
02-01-2022,KALLANAI,Tamil Nadu,Barrage / Diversion Structure,0,0,0,0,100,2479,2479
09-01-2022,METTUR,Tamil Nadu,Storage Reservoir,120,93470,61.74,48088.64,51.45,1223,1074
09-01-2022,BHAVANISAGAR,Tamil Nadu,Storage Reservoir,105,32800,65.99,20615.57,62.85,519,492
09-01-2022,AMARAVATHI,Tamil Nadu,Storage Reservoir,90,4047,56.61,2545.78,62.91,83,85
09-01-2022,KRISHNA_RAJA_SAGARA,Karnataka,Storage Reservoir,124.8,49452,60.15,23834.85,48.2,817,832
09-01-2022,KABINI,Karnataka,Storage Reservoir,84,19520,50.29,11685.6,59.86,666,619
09-01-2022,KALLANAI,Tamil Nadu,Barrage / Diversion Structure,0,0,0,0,100,1388,1388
16-01-2022,METTUR,Tamil Nadu,Storage Reservoir,120,93470,79.01,61541.48,65.84,1875,1832
16-01-2022,BHAVANISAGAR,Tamil Nadu,Storage Reservoir,105,32800,58.62,18311.98,55.83,511,549
16-01-2022,AMARAVATHI,Tamil Nadu,Storage Reservoir,90,4047,44.19,1987.26,49.1,152,141
16-01-2022,KRISHNA_RAJA_SAGARA,Karnataka,Storage Reservoir,124.8,49452,63.09,24999.96,50.55,1359,1443
16-01-2022,KABINI,Karnataka,Storage Reservoir,84,19520,56.25,13071.91,66.97,672,670
16-01-2022,KALLANAI,Tamil Nadu,Barrage / Diversion Structure,0,0,0,0,100,2880,2880
23-01-2022,METTUR,Tamil Nadu,Storage Reservoir,120,93470,71.62,55785.47,59.68,1010,1107
23-01-2022,BHAVANISAGAR,Tamil Nadu,Storage Reservoir,105,32800,76.99,24049.54,73.32,477,482
23-01-2022,AMARAVATHI,Tamil Nadu,Storage Reservoir,90,4047,65.48,2944.49,72.76,41,39
23-01-2022,KRISHNA_RAJA_SAGARA,Karnataka,Storage Reservoir,124.8,49452,90.44,35835.22,72.46,712,718
23-01-2022,KABINI,Karnataka,Storage Reservoir,84,19520,45.29,10525.28,53.92,750,818
23-01-2022,KALLANAI,Tamil Nadu,Barrage / Diversion Structure,0,0,0,0,100,2996,2996
30-01-2022,METTUR,Tamil Nadu,Storage Reservoir,120,93470,84.4,65743.51,70.34,2085,2186
30-01-2022,BHAVANISAGAR,Tamil Nadu,Storage Reservoir,105,32800,48.42,15124.16,46.11,700,608
30-01-2022,AMARAVATHI,Tamil Nadu,Storage Reservoir,90,4047,43.76,1967.53,48.62,63,63
30-01-2022,KRISHNA_RAJA_SAGARA,Karnataka,Storage Reservoir,124.8,49452,68.88,27295.65,55.2,1180,967
30-01-2022,KABINI,Karnataka,Storage Reservoir,84,19520,45.75,10630.34,54.46,395,409
30-01-2022,KALLANAI,Tamil Nadu,Barrage / Diversion Structure,0,0,0,0,100,1435,1435
06-02-2022,METTUR,Tamil Nadu,Storage Reservoir,120,93470,76.17,59330.92,63.48,1899,1533
06-02-2022,BHAVANISAGAR,Tamil Nadu,Storage Reservoir,105,32800,74.66,23321.77,71.1,385,409
06-02-2022,AMARAVATHI,Tamil Nadu,Storage Reservoir,90,4047,54.78,2463.33,60.87,161,167
06-02-2022,KRISHNA_RAJA_SAGARA,Karnataka,Storage Reservoir,124.8,49452,93.52,37058.35,74.94,947,975
06-02-2022,KABINI,Karnataka,Storage Reservoir,84,19520,47.93,11137.71,57.06,430,424
06-02-2022,KALLANAI,Tamil Nadu,Barrage / Diversion Structure,0,0,0,0,100,987,987
13-02-2022,METTUR,Tamil Nadu,Storage Reservoir,120,93470,69.17,53876.77,57.64,2123,1850
13-02-2022,BHAVANISAGAR,Tamil Nadu,Storage Reservoir,105,32800,50.73,15847.07,48.31,711,630
13-02-2022,AMARAVATHI,Tamil Nadu,Storage Reservoir,90,4047,48.5,2180.9,53.89,54,43
13-02-2022,KRISHNA_RAJA_SAGARA,Karnataka,Storage Reservoir,124.8,49452,56.83,22518.57,45.54,1866,1732
13-02-2022,KABINI,Karnataka,Storage Reservoir,84,19520,47.49,11034.62,56.53,584,505
13-02-2022,KALLANAI,Tamil Nadu,Barrage / Diversion Structure,0,0,0,0,100,829,829
20-02-2022,METTUR,Tamil Nadu,Storage Reservoir,120,93470,85.65,66712.86,71.37,2478,2329
20-02-2022,BHAVANISAGAR,Tamil Nadu,Storage Reservoir,105,32800,66.57,20795.97,63.4,257,282
20-02-2022,AMARAVATHI,Tamil Nadu,Storage Reservoir,90,4047,46.76,2102.42,51.95,107,106
20-02-2022,KRISHNA_RAJA_SAGARA,Karnataka,Storage Reservoir,124.8,49452,78.91,31269.54,63.23,590,512
20-02-2022,KABINI,Karnataka,Storage Reservoir,84,19520,42.25,9817.75,50.3,165,141
20-02-2022,KALLANAI,Tamil Nadu,Barrage / Diversion Structure,0,0,0,0,100,480,480
27-02-2022,METTUR,Tamil Nadu,Storage Reservoir,120,93470,85.82,66843.74,71.51,3921,4307
27-02-2022,BHAVANISAGAR,Tamil Nadu,Storage Reservoir,105,32800,52.73,16471.13,50.22,327,335
27-02-2022,AMARAVATHI,Tamil Nadu,Storage Reservoir,90,4047,59.29,2666.19,65.88,77,80
27-02-2022,KRISHNA_RAJA_SAGARA,Karnataka,Storage Reservoir,124.8,49452,64.56,25583.11,51.73,399,383
27-02-2022,KABINI,Karnataka,Storage Reservoir,84,19520,52.74,12256.26,62.79,235,194
27-02-2022,KALLANAI,Tamil Nadu,Barrage / Diversion Structure,0,0,0,0,100,412,412
06-03-2022,METTUR,Tamil Nadu,Storage Reservoir,120,93470,64.4,50164.92,53.67,3536,3687
06-03-2022,BHAVANISAGAR,Tamil Nadu,Storage Reservoir,105,32800,46.89,14647.58,44.66,433,357
06-03-2022,AMARAVATHI,Tamil Nadu,Storage Reservoir,90,4047,33.53,1507.65,37.25,98,86
06-03-2022,KRISHNA_RAJA_SAGARA,Karnataka,Storage Reservoir,124.8,49452,58.28,23095.37,46.7,620,511
06-03-2022,KABINI,Karnataka,Storage Reservoir,84,19520,26.55,6169.39,31.61,290,238
06-03-2022,KALLANAI,Tamil Nadu,Barrage / Diversion Structure,0,0,0,0,100,596,596
13-03-2022,METTUR,Tamil Nadu,Storage Reservoir,120,93470,59.69,46492.38,49.74,1731,1736
13-03-2022,BHAVANISAGAR,Tamil Nadu,Storage Reservoir,105,32800,44.07,13766.8,41.97,493,524
13-03-2022,AMARAVATHI,Tamil Nadu,Storage Reservoir,90,4047,44.03,1979.9,48.92,102,107
13-03-2022,KRISHNA_RAJA_SAGARA,Karnataka,Storage Reservoir,124.8,49452,63.67,25229.83,51.02,1171,1230
13-03-2022,KABINI,Karnataka,Storage Reservoir,84,19520,38.58,8964.39,45.92,451,444
13-03-2022,KALLANAI,Tamil Nadu,Barrage / Diversion Structure,0,0,0,0,100,326,326
20-03-2022,METTUR,Tamil Nadu,Storage Reservoir,120,93470,31.05,24187.62,25.88,3400,2851
20-03-2022,BHAVANISAGAR,Tamil Nadu,Storage Reservoir,105,32800,36.81,11497.57,35.05,1126,955
20-03-2022,AMARAVATHI,Tamil Nadu,Storage Reservoir,90,4047,44.59,2004.84,49.54,147,139
20-03-2022,KRISHNA_RAJA_SAGARA,Karnataka,Storage Reservoir,124.8,49452,31.44,12457.74,25.19,1074,1057
20-03-2022,KABINI,Karnataka,Storage Reservoir,84,19520,45.73,10625.83,54.44,610,535
20-03-2022,KALLANAI,Tamil Nadu,Barrage / Diversion Structure,0,0,0,0,100,631,631
27-03-2022,METTUR,Tamil Nadu,Storage Reservoir,120,93470,57.4,44707.48,47.83,1181,1285
27-03-2022,BHAVANISAGAR,Tamil Nadu,Storage Reservoir,105,32800,37.02,11564.02,35.26,950,1025
27-03-2022,AMARAVATHI,Tamil Nadu,Storage Reservoir,90,4047,25.27,1136.21,28.08,70,70
27-03-2022,KRISHNA_RAJA_SAGARA,Karnataka,Storage Reservoir,124.8,49452,33.74,13369.4,27.04,1013,1025
27-03-2022,KABINI,Karnataka,Storage Reservoir,84,19520,22.7,5274.41,27.02,540,488
27-03-2022,KALLANAI,Tamil Nadu,Barrage / Diversion Structure,0,0,0,0,100,236,236
03-04-2022,METTUR,Tamil Nadu,Storage Reservoir,120,93470,64.88,50535.8,54.07,3442,2887
03-04-2022,BHAVANISAGAR,Tamil Nadu,Storage Reservoir,105,32800,50.14,15661.31,47.75,471,379
03-04-2022,AMARAVATHI,Tamil Nadu,Storage Reservoir,90,4047,31.24,1404.65,34.71,117,120
03-04-2022,KRISHNA_RAJA_SAGARA,Karnataka,Storage Reservoir,124.8,49452,56.78,22500.1,45.5,1283,1131
03-04-2022,KABINI,Karnataka,Storage Reservoir,84,19520,46.13,10719.16,54.91,495,463
03-04-2022,KALLANAI,Tamil Nadu,Barrage / Diversion Structure,0,0,0,0,100,835,835
10-04-2022,METTUR,Tamil Nadu,Storage Reservoir,120,93470,32.97,25677.55,27.47,1590,1584
10-04-2022,BHAVANISAGAR,Tamil Nadu,Storage Reservoir,105,32800,34.86,10888.87,33.2,1136,960
10-04-2022,AMARAVATHI,Tamil Nadu,Storage Reservoir,90,4047,34.17,1536.65,37.97,84,77
10-04-2022,KRISHNA_RAJA_SAGARA,Karnataka,Storage Reservoir,124.8,49452,55.11,21835.92,44.16,1059,934
10-04-2022,KABINI,Karnataka,Storage Reservoir,84,19520,45.8,10642.17,54.52,423,451
10-04-2022,KALLANAI,Tamil Nadu,Barrage / Diversion Structure,0,0,0,0,100,370,370
17-04-2022,METTUR,Tamil Nadu,Storage Reservoir,120,93470,43.27,33701.35,36.06,2937,2766
17-04-2022,BHAVANISAGAR,Tamil Nadu,Storage Reservoir,105,32800,56.75,17727.02,54.05,238,252
17-04-2022,AMARAVATHI,Tamil Nadu,Storage Reservoir,90,4047,43.47,1954.62,48.3,118,124
17-04-2022,KRISHNA_RAJA_SAGARA,Karnataka,Storage Reservoir,124.8,49452,59.69,23653.25,47.83,591,496
17-04-2022,KABINI,Karnataka,Storage Reservoir,84,19520,21.82,5070.47,25.98,294,289
17-04-2022,KALLANAI,Tamil Nadu,Barrage / Diversion Structure,0,0,0,0,100,585,585
24-04-2022,METTUR,Tamil Nadu,Storage Reservoir,120,93470,54.68,42591.44,45.57,1087,934
24-04-2022,BHAVANISAGAR,Tamil Nadu,Storage Reservoir,105,32800,41.74,13037.29,39.75,228,222
24-04-2022,AMARAVATHI,Tamil Nadu,Storage Reservoir,90,4047,29.76,1338.33,33.07,65,58
24-04-2022,KRISHNA_RAJA_SAGARA,Karnataka,Storage Reservoir,124.8,49452,48.24,19116.46,38.66,312,256
24-04-2022,KABINI,Karnataka,Storage Reservoir,84,19520,30.89,7178.44,36.77,236,231
24-04-2022,KALLANAI,Tamil Nadu,Barrage / Diversion Structure,0,0,0,0,100,755,755
01-05-2022,METTUR,Tamil Nadu,Storage Reservoir,120,93470,31.43,24478.45,26.19,2345,1949
01-05-2022,BHAVANISAGAR,Tamil Nadu,Storage Reservoir,105,32800,33.87,10581.72,32.26,1326,1117
01-05-2022,AMARAVATHI,Tamil Nadu,Storage Reservoir,90,4047,35.97,1617.45,39.97,115,116
01-05-2022,KRISHNA_RAJA_SAGARA,Karnataka,Storage Reservoir,124.8,49452,52.15,20665.72,41.79,685,615
01-05-2022,KABINI,Karnataka,Storage Reservoir,84,19520,34.05,7911.72,40.53,312,282
01-05-2022,KALLANAI,Tamil Nadu,Barrage / Diversion Structure,0,0,0,0,100,262,262
08-05-2022,METTUR,Tamil Nadu,Storage Reservoir,120,93470,50.43,39281.91,42.03,1406,1462
08-05-2022,BHAVANISAGAR,Tamil Nadu,Storage Reservoir,105,32800,32.55,10169.48,31,392,325
08-05-2022,AMARAVATHI,Tamil Nadu,Storage Reservoir,90,4047,39.68,1784.44,44.09,61,49
08-05-2022,KRISHNA_RAJA_SAGARA,Karnataka,Storage Reservoir,124.8,49452,66.25,26252.27,53.09,489,470
08-05-2022,KABINI,Karnataka,Storage Reservoir,84,19520,38.87,9032.26,46.27,480,486
08-05-2022,KALLANAI,Tamil Nadu,Barrage / Diversion Structure,0,0,0,0,100,471,471
15-05-2022,METTUR,Tamil Nadu,Storage Reservoir,120,93470,62.21,48459.05,51.84,1136,1187
15-05-2022,BHAVANISAGAR,Tamil Nadu,Storage Reservoir,105,32800,40.5,12650.81,38.57,986,944
15-05-2022,AMARAVATHI,Tamil Nadu,Storage Reservoir,90,4047,42.25,1899.97,46.95,27,22
15-05-2022,KRISHNA_RAJA_SAGARA,Karnataka,Storage Reservoir,124.8,49452,40.45,16028.92,32.41,857,909
15-05-2022,KABINI,Karnataka,Storage Reservoir,84,19520,26.52,6163.72,31.58,757,682
15-05-2022,KALLANAI,Tamil Nadu,Barrage / Diversion Structure,0,0,0,0,100,831,831
22-05-2022,METTUR,Tamil Nadu,Storage Reservoir,120,93470,49.99,38940.45,41.66,2275,1975
22-05-2022,BHAVANISAGAR,Tamil Nadu,Storage Reservoir,105,32800,57.63,18003.93,54.89,1121,1115
22-05-2022,AMARAVATHI,Tamil Nadu,Storage Reservoir,90,4047,27.89,1254.01,30.99,95,78
22-05-2022,KRISHNA_RAJA_SAGARA,Karnataka,Storage Reservoir,124.8,49452,32.35,12817.75,25.92,868,814
22-05-2022,KABINI,Karnataka,Storage Reservoir,84,19520,42.88,9964.6,51.05,555,567
22-05-2022,KALLANAI,Tamil Nadu,Barrage / Diversion Structure,0,0,0,0,100,476,476
29-05-2022,METTUR,Tamil Nadu,Storage Reservoir,120,93470,31.44,24492.2,26.2,3801,3700
29-05-2022,BHAVANISAGAR,Tamil Nadu,Storage Reservoir,105,32800,40.07,12515.98,38.16,700,662
29-05-2022,AMARAVATHI,Tamil Nadu,Storage Reservoir,90,4047,46.08,2072.17,51.2,168,155
29-05-2022,KRISHNA_RAJA_SAGARA,Karnataka,Storage Reservoir,124.8,49452,41.56,16469.91,33.3,941,1010
29-05-2022,KABINI,Karnataka,Storage Reservoir,84,19520,26.31,6113.64,31.32,381,376
29-05-2022,KALLANAI,Tamil Nadu,Barrage / Diversion Structure,0,0,0,0,100,305,305
05-06-2022,METTUR,Tamil Nadu,Storage Reservoir,120,93470,60.47,47099.99,50.39,3885,4240
05-06-2022,BHAVANISAGAR,Tamil Nadu,Storage Reservoir,105,32800,52.95,16540.81,50.43,9399,8907
05-06-2022,AMARAVATHI,Tamil Nadu,Storage Reservoir,90,4047,47.18,2121.31,52.42,312,291
05-06-2022,KRISHNA_RAJA_SAGARA,Karnataka,Storage Reservoir,124.8,49452,75.43,29891.02,60.44,8990,8791
05-06-2022,KABINI,Karnataka,Storage Reservoir,84,19520,41.92,9741.6,49.91,3680,4014
05-06-2022,KALLANAI,Tamil Nadu,Barrage / Diversion Structure,0,0,0,0,100,7175,7175
12-06-2022,METTUR,Tamil Nadu,Storage Reservoir,120,93470,81.85,63750.46,68.2,1946,2122
12-06-2022,BHAVANISAGAR,Tamil Nadu,Storage Reservoir,105,32800,61.54,19225.29,58.61,4965,4081
12-06-2022,AMARAVATHI,Tamil Nadu,Storage Reservoir,90,4047,45.08,2027.25,50.09,136,122
12-06-2022,KRISHNA_RAJA_SAGARA,Karnataka,Storage Reservoir,124.8,49452,87.19,34550.38,69.87,9468,8280
12-06-2022,KABINI,Karnataka,Storage Reservoir,84,19520,53.35,12398,63.51,4844,4117
12-06-2022,KALLANAI,Tamil Nadu,Barrage / Diversion Structure,0,0,0,0,100,4987,4987
19-06-2022,METTUR,Tamil Nadu,Storage Reservoir,120,93470,77.9,60675.24,64.91,4505,4744
19-06-2022,BHAVANISAGAR,Tamil Nadu,Storage Reservoir,105,32800,72.63,22687.79,69.17,5114,5423
19-06-2022,AMARAVATHI,Tamil Nadu,Storage Reservoir,90,4047,46.06,2071.06,51.18,122,107
19-06-2022,KRISHNA_RAJA_SAGARA,Karnataka,Storage Reservoir,124.8,49452,58.3,23100.32,46.71,7326,7919
19-06-2022,KABINI,Karnataka,Storage Reservoir,84,19520,38.79,9014.4,46.18,1744,1631
19-06-2022,KALLANAI,Tamil Nadu,Barrage / Diversion Structure,0,0,0,0,100,13654,13654
26-06-2022,METTUR,Tamil Nadu,Storage Reservoir,120,93470,55.5,43227.24,46.25,2441,2675
26-06-2022,BHAVANISAGAR,Tamil Nadu,Storage Reservoir,105,32800,77.65,24256.77,73.95,2842,3085
26-06-2022,AMARAVATHI,Tamil Nadu,Storage Reservoir,90,4047,57.76,2597.11,64.17,223,208
26-06-2022,KRISHNA_RAJA_SAGARA,Karnataka,Storage Reservoir,124.8,49452,75.46,29902.58,60.47,8392,8392
26-06-2022,KABINI,Karnataka,Storage Reservoir,84,19520,41.32,9601.8,49.19,1775,1583
26-06-2022,KALLANAI,Tamil Nadu,Barrage / Diversion Structure,0,0,0,0,100,11825,11825
03-07-2022,METTUR,Tamil Nadu,Storage Reservoir,120,93470,88.92,69258.8,74.1,2605,2609
03-07-2022,BHAVANISAGAR,Tamil Nadu,Storage Reservoir,105,32800,61.23,19126.5,58.31,7188,6132
03-07-2022,AMARAVATHI,Tamil Nadu,Storage Reservoir,90,4047,59.2,2662.07,65.78,254,275
03-07-2022,KRISHNA_RAJA_SAGARA,Karnataka,Storage Reservoir,124.8,49452,81.74,32389.79,65.5,7899,7783
03-07-2022,KABINI,Karnataka,Storage Reservoir,84,19520,59.7,13872.31,71.07,3347,2708
03-07-2022,KALLANAI,Tamil Nadu,Barrage / Diversion Structure,0,0,0,0,100,14604,14604
10-07-2022,METTUR,Tamil Nadu,Storage Reservoir,120,93470,61.76,48109.25,51.47,5097,4679
10-07-2022,BHAVANISAGAR,Tamil Nadu,Storage Reservoir,105,32800,67.76,21168.13,64.54,4157,4145
10-07-2022,AMARAVATHI,Tamil Nadu,Storage Reservoir,90,4047,67.48,3034.54,74.98,104,113
10-07-2022,KRISHNA_RAJA_SAGARA,Karnataka,Storage Reservoir,124.8,49452,71.39,28290.12,57.21,14164,14655
10-07-2022,KABINI,Karnataka,Storage Reservoir,84,19520,52.09,12104.45,62.01,5051,5372
10-07-2022,KALLANAI,Tamil Nadu,Barrage / Diversion Structure,0,0,0,0,100,9285,9285
17-07-2022,METTUR,Tamil Nadu,Storage Reservoir,120,93470,83.08,64714.31,69.24,5510,5726
17-07-2022,BHAVANISAGAR,Tamil Nadu,Storage Reservoir,105,32800,60.97,19046.14,58.07,7465,6241
17-07-2022,AMARAVATHI,Tamil Nadu,Storage Reservoir,90,4047,55.2,2482.21,61.33,95,85
17-07-2022,KRISHNA_RAJA_SAGARA,Karnataka,Storage Reservoir,124.8,49452,69.88,27690.08,55.99,7653,7719
17-07-2022,KABINI,Karnataka,Storage Reservoir,84,19520,47.59,11059.4,56.66,3198,2786
17-07-2022,KALLANAI,Tamil Nadu,Barrage / Diversion Structure,0,0,0,0,100,7517,7517
24-07-2022,METTUR,Tamil Nadu,Storage Reservoir,120,93470,75.72,58982.8,63.1,2503,2467
24-07-2022,BHAVANISAGAR,Tamil Nadu,Storage Reservoir,105,32800,61.85,19320.78,58.9,4695,4972
24-07-2022,AMARAVATHI,Tamil Nadu,Storage Reservoir,90,4047,54.52,2451.37,60.57,90,72
24-07-2022,KRISHNA_RAJA_SAGARA,Karnataka,Storage Reservoir,124.8,49452,68.94,27316.02,55.24,7083,6513
24-07-2022,KABINI,Karnataka,Storage Reservoir,84,19520,52.42,12181.49,62.41,3283,3225
24-07-2022,KALLANAI,Tamil Nadu,Barrage / Diversion Structure,0,0,0,0,100,11086,11086
31-07-2022,METTUR,Tamil Nadu,Storage Reservoir,120,93470,88.4,68855.34,73.67,2360,2026
31-07-2022,BHAVANISAGAR,Tamil Nadu,Storage Reservoir,105,32800,47.49,14834.42,45.23,8329,8907
31-07-2022,AMARAVATHI,Tamil Nadu,Storage Reservoir,90,4047,47.07,2116.76,52.3,281,229
31-07-2022,KRISHNA_RAJA_SAGARA,Karnataka,Storage Reservoir,124.8,49452,91.15,36116.32,73.03,9319,7738
31-07-2022,KABINI,Karnataka,Storage Reservoir,84,19520,50.04,11629.27,59.58,3269,2894
31-07-2022,KALLANAI,Tamil Nadu,Barrage / Diversion Structure,0,0,0,0,100,8093,8093
07-08-2022,METTUR,Tamil Nadu,Storage Reservoir,120,93470,89.21,69484.88,74.34,4313,4377
07-08-2022,BHAVANISAGAR,Tamil Nadu,Storage Reservoir,105,32800,76.84,24002.62,73.18,6601,5522
07-08-2022,AMARAVATHI,Tamil Nadu,Storage Reservoir,90,4047,63.39,2850.48,70.43,198,169
07-08-2022,KRISHNA_RAJA_SAGARA,Karnataka,Storage Reservoir,124.8,49452,100.78,39934.91,80.75,13171,10959
07-08-2022,KABINI,Karnataka,Storage Reservoir,84,19520,68.9,16010.18,82.02,3253,3542
07-08-2022,KALLANAI,Tamil Nadu,Barrage / Diversion Structure,0,0,0,0,100,10849,10849
14-08-2022,METTUR,Tamil Nadu,Storage Reservoir,120,93470,79.56,61972.83,66.3,4449,4829
14-08-2022,BHAVANISAGAR,Tamil Nadu,Storage Reservoir,105,32800,87.2,27239.86,83.05,9545,10167
14-08-2022,AMARAVATHI,Tamil Nadu,Storage Reservoir,90,4047,64.66,2907.46,71.84,121,118
14-08-2022,KRISHNA_RAJA_SAGARA,Karnataka,Storage Reservoir,124.8,49452,96.51,38241.65,77.33,14616,15639
14-08-2022,KABINI,Karnataka,Storage Reservoir,84,19520,63.51,14757.64,75.6,3173,3281
14-08-2022,KALLANAI,Tamil Nadu,Barrage / Diversion Structure,0,0,0,0,100,7316,7316
21-08-2022,METTUR,Tamil Nadu,Storage Reservoir,120,93470,102.03,79474.27,85.03,2056,2029
21-08-2022,BHAVANISAGAR,Tamil Nadu,Storage Reservoir,105,32800,82.48,25765.39,78.55,7921,6736
21-08-2022,AMARAVATHI,Tamil Nadu,Storage Reservoir,90,4047,78.4,3525.19,87.11,203,175
21-08-2022,KRISHNA_RAJA_SAGARA,Karnataka,Storage Reservoir,124.8,49452,84.7,33563.78,67.87,5755,5712
21-08-2022,KABINI,Karnataka,Storage Reservoir,84,19520,69.9,16243.14,83.21,4541,3948
21-08-2022,KALLANAI,Tamil Nadu,Barrage / Diversion Structure,0,0,0,0,100,9178,9178
28-08-2022,METTUR,Tamil Nadu,Storage Reservoir,120,93470,113.56,88453.99,94.63,2371,2391
28-08-2022,BHAVANISAGAR,Tamil Nadu,Storage Reservoir,105,32800,80.99,25298.5,77.13,6072,6164
28-08-2022,AMARAVATHI,Tamil Nadu,Storage Reservoir,90,4047,77.2,3471.24,85.77,240,201
28-08-2022,KRISHNA_RAJA_SAGARA,Karnataka,Storage Reservoir,124.8,49452,85.02,33688.33,68.12,12075,11755
28-08-2022,KABINI,Karnataka,Storage Reservoir,84,19520,61.51,14293.48,73.22,2255,1861
28-08-2022,KALLANAI,Tamil Nadu,Barrage / Diversion Structure,0,0,0,0,100,16302,16302
04-09-2022,METTUR,Tamil Nadu,Storage Reservoir,120,93470,86.16,67111.17,71.8,2632,2160
04-09-2022,BHAVANISAGAR,Tamil Nadu,Storage Reservoir,105,32800,84.6,26427.55,80.57,2963,3081
04-09-2022,AMARAVATHI,Tamil Nadu,Storage Reservoir,90,4047,64.81,2914.3,72.01,138,146
04-09-2022,KRISHNA_RAJA_SAGARA,Karnataka,Storage Reservoir,124.8,49452,105.49,41799.96,84.53,8131,7295
04-09-2022,KABINI,Karnataka,Storage Reservoir,84,19520,62.99,14638.06,74.99,3633,3989
04-09-2022,KALLANAI,Tamil Nadu,Barrage / Diversion Structure,0,0,0,0,100,10186,10186
11-09-2022,METTUR,Tamil Nadu,Storage Reservoir,120,93470,94.75,73800.33,78.96,2577,2496
11-09-2022,BHAVANISAGAR,Tamil Nadu,Storage Reservoir,105,32800,98.42,30743.03,93.73,4336,4366
11-09-2022,AMARAVATHI,Tamil Nadu,Storage Reservoir,90,4047,63.93,2874.5,71.03,206,170
11-09-2022,KRISHNA_RAJA_SAGARA,Karnataka,Storage Reservoir,124.8,49452,97.98,38825.32,78.51,12161,10996
11-09-2022,KABINI,Karnataka,Storage Reservoir,84,19520,71.36,16581.72,84.95,4950,5336
11-09-2022,KALLANAI,Tamil Nadu,Barrage / Diversion Structure,0,0,0,0,100,6186,6186
18-09-2022,METTUR,Tamil Nadu,Storage Reservoir,120,93470,113.73,88585.73,94.77,3480,3347
18-09-2022,BHAVANISAGAR,Tamil Nadu,Storage Reservoir,105,32800,94.77,29605.61,90.26,6025,5947
18-09-2022,AMARAVATHI,Tamil Nadu,Storage Reservoir,90,4047,60.91,2738.76,67.67,132,110
18-09-2022,KRISHNA_RAJA_SAGARA,Karnataka,Storage Reservoir,124.8,49452,112.05,44399.01,89.78,11407,11550
18-09-2022,KABINI,Karnataka,Storage Reservoir,84,19520,55.51,12899.76,66.08,2820,2478
18-09-2022,KALLANAI,Tamil Nadu,Barrage / Diversion Structure,0,0,0,0,100,6883,6883
25-09-2022,METTUR,Tamil Nadu,Storage Reservoir,120,93470,97.94,76284.67,81.61,4327,3976
25-09-2022,BHAVANISAGAR,Tamil Nadu,Storage Reservoir,105,32800,82.34,25720.47,78.42,5370,5126
25-09-2022,AMARAVATHI,Tamil Nadu,Storage Reservoir,90,4047,83.32,3746.78,92.58,231,253
25-09-2022,KRISHNA_RAJA_SAGARA,Karnataka,Storage Reservoir,124.8,49452,113,44775.2,90.54,5212,5624
25-09-2022,KABINI,Karnataka,Storage Reservoir,84,19520,57.53,13369.44,68.49,3825,3496
25-09-2022,KALLANAI,Tamil Nadu,Barrage / Diversion Structure,0,0,0,0,100,13832,13832
02-10-2022,METTUR,Tamil Nadu,Storage Reservoir,120,93470,106.44,82908.74,88.7,18095,14915
02-10-2022,BHAVANISAGAR,Tamil Nadu,Storage Reservoir,105,32800,80.94,25285.32,77.09,1650,1664
02-10-2022,AMARAVATHI,Tamil Nadu,Storage Reservoir,90,4047,67.84,3050.75,75.38,1436,1424
02-10-2022,KRISHNA_RAJA_SAGARA,Karnataka,Storage Reservoir,124.8,49452,111.91,44345.79,89.67,2337,2473
02-10-2022,KABINI,Karnataka,Storage Reservoir,84,19520,77.85,18091.67,92.68,1439,1412
02-10-2022,KALLANAI,Tamil Nadu,Barrage / Diversion Structure,0,0,0,0,100,18828,18828
09-10-2022,METTUR,Tamil Nadu,Storage Reservoir,120,93470,92.35,71934.41,76.96,12702,11562
09-10-2022,BHAVANISAGAR,Tamil Nadu,Storage Reservoir,105,32800,70.4,21990.82,67.05,810,680
09-10-2022,AMARAVATHI,Tamil Nadu,Storage Reservoir,90,4047,84.5,3799.87,93.89,893,973
09-10-2022,KRISHNA_RAJA_SAGARA,Karnataka,Storage Reservoir,124.8,49452,97.31,38560.17,77.97,1886,1795
09-10-2022,KABINI,Karnataka,Storage Reservoir,84,19520,65.68,15261.78,78.19,555,550
09-10-2022,KALLANAI,Tamil Nadu,Barrage / Diversion Structure,0,0,0,0,100,6184,6184
16-10-2022,METTUR,Tamil Nadu,Storage Reservoir,120,93470,83.47,65018.43,69.56,11806,12210
16-10-2022,BHAVANISAGAR,Tamil Nadu,Storage Reservoir,105,32800,82.73,25844.44,78.79,1186,1302
16-10-2022,AMARAVATHI,Tamil Nadu,Storage Reservoir,90,4047,60.06,2700.7,66.73,1088,1191
16-10-2022,KRISHNA_RAJA_SAGARA,Karnataka,Storage Reservoir,124.8,49452,90.07,35692.18,72.18,2057,1720
16-10-2022,KABINI,Karnataka,Storage Reservoir,84,19520,62.24,14463.98,74.1,760,765
16-10-2022,KALLANAI,Tamil Nadu,Barrage / Diversion Structure,0,0,0,0,100,4071,4071
23-10-2022,METTUR,Tamil Nadu,Storage Reservoir,120,93470,107.3,83580.04,89.42,27067,24140
23-10-2022,BHAVANISAGAR,Tamil Nadu,Storage Reservoir,105,32800,87.9,27459.14,83.72,2033,1886
23-10-2022,AMARAVATHI,Tamil Nadu,Storage Reservoir,90,4047,62.03,2789.25,68.92,1457,1362
23-10-2022,KRISHNA_RAJA_SAGARA,Karnataka,Storage Reservoir,124.8,49452,88.41,35031.14,70.84,2590,2393
23-10-2022,KABINI,Karnataka,Storage Reservoir,84,19520,75.45,17534.06,89.83,1453,1497
23-10-2022,KALLANAI,Tamil Nadu,Barrage / Diversion Structure,0,0,0,0,100,3429,3429
30-10-2022,METTUR,Tamil Nadu,Storage Reservoir,120,93470,78.69,61293.67,65.58,14781,15196
30-10-2022,BHAVANISAGAR,Tamil Nadu,Storage Reservoir,105,32800,72.57,22669.16,69.11,1923,1662
30-10-2022,AMARAVATHI,Tamil Nadu,Storage Reservoir,90,4047,58.83,2645.27,65.36,624,681
30-10-2022,KRISHNA_RAJA_SAGARA,Karnataka,Storage Reservoir,124.8,49452,111.13,44035.08,89.05,4088,3868
30-10-2022,KABINI,Karnataka,Storage Reservoir,84,19520,57.37,13330.62,68.29,1158,1084
30-10-2022,KALLANAI,Tamil Nadu,Barrage / Diversion Structure,0,0,0,0,100,17179,17179
06-11-2022,METTUR,Tamil Nadu,Storage Reservoir,120,93470,83.4,64963.01,69.5,16096,16437
06-11-2022,BHAVANISAGAR,Tamil Nadu,Storage Reservoir,105,32800,83.24,26004.02,79.28,1261,1158
06-11-2022,AMARAVATHI,Tamil Nadu,Storage Reservoir,90,4047,70.91,3188.36,78.78,1085,1158
06-11-2022,KRISHNA_RAJA_SAGARA,Karnataka,Storage Reservoir,124.8,49452,116.89,46316.76,93.66,2795,2500
06-11-2022,KABINI,Karnataka,Storage Reservoir,84,19520,71.94,16717.72,85.64,803,703
06-11-2022,KALLANAI,Tamil Nadu,Barrage / Diversion Structure,0,0,0,0,100,16341,16341
13-11-2022,METTUR,Tamil Nadu,Storage Reservoir,120,93470,94.61,73695.79,78.84,26592,26533
13-11-2022,BHAVANISAGAR,Tamil Nadu,Storage Reservoir,105,32800,96.45,30127.96,91.85,1548,1523
13-11-2022,AMARAVATHI,Tamil Nadu,Storage Reservoir,90,4047,60.3,2711.47,67,1031,871
13-11-2022,KRISHNA_RAJA_SAGARA,Karnataka,Storage Reservoir,124.8,49452,108.73,43084.07,87.12,2079,2087
13-11-2022,KABINI,Karnataka,Storage Reservoir,84,19520,55.65,12932.04,66.25,474,481
13-11-2022,KALLANAI,Tamil Nadu,Barrage / Diversion Structure,0,0,0,0,100,4283,4283
20-11-2022,METTUR,Tamil Nadu,Storage Reservoir,120,93470,112.43,87576.76,93.7,18647,16893
20-11-2022,BHAVANISAGAR,Tamil Nadu,Storage Reservoir,105,32800,77.59,24237.91,73.9,1194,1232
20-11-2022,AMARAVATHI,Tamil Nadu,Storage Reservoir,90,4047,76.36,3433.52,84.84,447,380
20-11-2022,KRISHNA_RAJA_SAGARA,Karnataka,Storage Reservoir,124.8,49452,84.8,33603.56,67.95,2458,2530
20-11-2022,KABINI,Karnataka,Storage Reservoir,84,19520,61.28,14240.11,72.95,435,358
20-11-2022,KALLANAI,Tamil Nadu,Barrage / Diversion Structure,0,0,0,0,100,14878,14878
27-11-2022,METTUR,Tamil Nadu,Storage Reservoir,120,93470,100.49,78271.69,83.74,19530,16829
27-11-2022,BHAVANISAGAR,Tamil Nadu,Storage Reservoir,105,32800,72.07,22514.44,68.64,1895,1956
27-11-2022,AMARAVATHI,Tamil Nadu,Storage Reservoir,90,4047,75.89,3412.31,84.32,987,802
27-11-2022,KRISHNA_RAJA_SAGARA,Karnataka,Storage Reservoir,124.8,49452,117.38,46511.91,94.05,3327,2953
27-11-2022,KABINI,Karnataka,Storage Reservoir,84,19520,79.3,18426.71,94.4,1114,1085
27-11-2022,KALLANAI,Tamil Nadu,Barrage / Diversion Structure,0,0,0,0,100,16927,16927
04-12-2022,METTUR,Tamil Nadu,Storage Reservoir,120,93470,58.61,45653.43,48.84,17680,19066
04-12-2022,BHAVANISAGAR,Tamil Nadu,Storage Reservoir,105,32800,54.33,16970.22,51.74,2073,1927
04-12-2022,AMARAVATHI,Tamil Nadu,Storage Reservoir,90,4047,52.36,2354.63,58.18,1016,1100
04-12-2022,KRISHNA_RAJA_SAGARA,Karnataka,Storage Reservoir,124.8,49452,65.17,25824.22,52.22,2227,1913
04-12-2022,KABINI,Karnataka,Storage Reservoir,84,19520,60.15,13977.83,71.61,1620,1434
04-12-2022,KALLANAI,Tamil Nadu,Barrage / Diversion Structure,0,0,0,0,100,18792,18792
11-12-2022,METTUR,Tamil Nadu,Storage Reservoir,120,93470,87.08,67829.12,72.57,17201,17657
11-12-2022,BHAVANISAGAR,Tamil Nadu,Storage Reservoir,105,32800,61.76,19291.71,58.82,3277,3337
11-12-2022,AMARAVATHI,Tamil Nadu,Storage Reservoir,90,4047,61.46,2763.83,68.29,1144,976
11-12-2022,KRISHNA_RAJA_SAGARA,Karnataka,Storage Reservoir,124.8,49452,76.57,30339.2,61.35,5466,5909
11-12-2022,KABINI,Karnataka,Storage Reservoir,84,19520,38.89,9036.83,46.3,966,810
11-12-2022,KALLANAI,Tamil Nadu,Barrage / Diversion Structure,0,0,0,0,100,18249,18249
18-12-2022,METTUR,Tamil Nadu,Storage Reservoir,120,93470,72.21,56246.12,60.18,22726,23176
18-12-2022,BHAVANISAGAR,Tamil Nadu,Storage Reservoir,105,32800,64.33,20095.61,61.27,2600,2476
18-12-2022,AMARAVATHI,Tamil Nadu,Storage Reservoir,90,4047,48.53,2182.4,53.93,781,786
18-12-2022,KRISHNA_RAJA_SAGARA,Karnataka,Storage Reservoir,124.8,49452,88.86,35209.67,71.2,4085,4200
18-12-2022,KABINI,Karnataka,Storage Reservoir,84,19520,41.83,9721.38,49.8,1364,1095
18-12-2022,KALLANAI,Tamil Nadu,Barrage / Diversion Structure,0,0,0,0,100,6614,6614
25-12-2022,METTUR,Tamil Nadu,Storage Reservoir,120,93470,57.57,44842.55,47.98,21839,22713
25-12-2022,BHAVANISAGAR,Tamil Nadu,Storage Reservoir,105,32800,53.68,16767.71,51.12,2389,2436
25-12-2022,AMARAVATHI,Tamil Nadu,Storage Reservoir,90,4047,57.13,2569.02,63.48,721,653
25-12-2022,KRISHNA_RAJA_SAGARA,Karnataka,Storage Reservoir,124.8,49452,85.51,33881.42,68.51,3600,2885
25-12-2022,KABINI,Karnataka,Storage Reservoir,84,19520,56.98,13240.36,67.83,721,738
25-12-2022,KALLANAI,Tamil Nadu,Barrage / Diversion Structure,0,0,0,0,100,7602,7602
01-01-2023,METTUR,Tamil Nadu,Storage Reservoir,120,93470,65.77,51228.99,54.81,1052,938
01-01-2023,BHAVANISAGAR,Tamil Nadu,Storage Reservoir,105,32800,74.86,23386.24,71.3,1431,1302
01-01-2023,AMARAVATHI,Tamil Nadu,Storage Reservoir,90,4047,52.61,2365.81,58.46,85,90
01-01-2023,KRISHNA_RAJA_SAGARA,Karnataka,Storage Reservoir,124.8,49452,78.36,31051.57,62.79,1285,1187
01-01-2023,KABINI,Karnataka,Storage Reservoir,84,19520,55.33,12857.54,65.87,286,281
01-01-2023,KALLANAI,Tamil Nadu,Barrage / Diversion Structure,0,0,0,0,100,1540,1540
08-01-2023,METTUR,Tamil Nadu,Storage Reservoir,120,93470,75.18,58555.28,62.65,1087,1079
08-01-2023,BHAVANISAGAR,Tamil Nadu,Storage Reservoir,105,32800,49.29,15398.16,46.95,916,887
08-01-2023,AMARAVATHI,Tamil Nadu,Storage Reservoir,90,4047,55.64,2501.85,61.82,52,52
08-01-2023,KRISHNA_RAJA_SAGARA,Karnataka,Storage Reservoir,124.8,49452,86.3,34195.89,69.15,985,1031
08-01-2023,KABINI,Karnataka,Storage Reservoir,84,19520,50.36,11701.79,59.95,291,237
08-01-2023,KALLANAI,Tamil Nadu,Barrage / Diversion Structure,0,0,0,0,100,1197,1197
15-01-2023,METTUR,Tamil Nadu,Storage Reservoir,120,93470,82.39,64175.05,68.66,2296,2140
15-01-2023,BHAVANISAGAR,Tamil Nadu,Storage Reservoir,105,32800,51.89,16210.93,49.42,698,649
15-01-2023,AMARAVATHI,Tamil Nadu,Storage Reservoir,90,4047,42.89,1928.72,47.66,70,68
15-01-2023,KRISHNA_RAJA_SAGARA,Karnataka,Storage Reservoir,124.8,49452,83.7,33167.4,67.07,1904,2056
15-01-2023,KABINI,Karnataka,Storage Reservoir,84,19520,53.99,12546.86,64.28,462,457
15-01-2023,KALLANAI,Tamil Nadu,Barrage / Diversion Structure,0,0,0,0,100,3044,3044
22-01-2023,METTUR,Tamil Nadu,Storage Reservoir,120,93470,84.23,65610.4,70.19,1503,1460
22-01-2023,BHAVANISAGAR,Tamil Nadu,Storage Reservoir,105,32800,65.76,20543.65,62.63,277,251
22-01-2023,AMARAVATHI,Tamil Nadu,Storage Reservoir,90,4047,49.53,2227.28,55.04,38,30
22-01-2023,KRISHNA_RAJA_SAGARA,Karnataka,Storage Reservoir,124.8,49452,87.3,34592.12,69.95,472,450
22-01-2023,KABINI,Karnataka,Storage Reservoir,84,19520,45.33,10533.34,53.96,347,304
22-01-2023,KALLANAI,Tamil Nadu,Barrage / Diversion Structure,0,0,0,0,100,1159,1159
29-01-2023,METTUR,Tamil Nadu,Storage Reservoir,120,93470,60.7,47279.97,50.58,3267,3062
29-01-2023,BHAVANISAGAR,Tamil Nadu,Storage Reservoir,105,32800,62.46,19512.41,59.49,570,469
29-01-2023,AMARAVATHI,Tamil Nadu,Storage Reservoir,90,4047,60.15,2704.94,66.84,108,100
29-01-2023,KRISHNA_RAJA_SAGARA,Karnataka,Storage Reservoir,124.8,49452,83.47,33076.09,66.89,1718,1456
29-01-2023,KABINI,Karnataka,Storage Reservoir,84,19520,53.18,12357.48,63.31,340,348
29-01-2023,KALLANAI,Tamil Nadu,Barrage / Diversion Structure,0,0,0,0,100,2861,2861
05-02-2023,METTUR,Tamil Nadu,Storage Reservoir,120,93470,56.05,43661.37,46.71,831,730
05-02-2023,BHAVANISAGAR,Tamil Nadu,Storage Reservoir,105,32800,55.03,17190.27,52.41,1343,1174
05-02-2023,AMARAVATHI,Tamil Nadu,Storage Reservoir,90,4047,47.84,2151.32,53.16,57,53
05-02-2023,KRISHNA_RAJA_SAGARA,Karnataka,Storage Reservoir,124.8,49452,85.24,33776.37,68.3,814,770
05-02-2023,KABINI,Karnataka,Storage Reservoir,84,19520,38.65,8980.84,46.01,319,341
05-02-2023,KALLANAI,Tamil Nadu,Barrage / Diversion Structure,0,0,0,0,100,625,625
12-02-2023,METTUR,Tamil Nadu,Storage Reservoir,120,93470,86.39,67293.73,72,826,825
12-02-2023,BHAVANISAGAR,Tamil Nadu,Storage Reservoir,105,32800,77.6,24239.8,73.9,633,684
12-02-2023,AMARAVATHI,Tamil Nadu,Storage Reservoir,90,4047,41.91,1884.6,46.57,63,55
12-02-2023,KRISHNA_RAJA_SAGARA,Karnataka,Storage Reservoir,124.8,49452,83.52,33095.57,66.92,1334,1169
12-02-2023,KABINI,Karnataka,Storage Reservoir,84,19520,54.29,12614.85,64.63,248,240
12-02-2023,KALLANAI,Tamil Nadu,Barrage / Diversion Structure,0,0,0,0,100,977,977
19-02-2023,METTUR,Tamil Nadu,Storage Reservoir,120,93470,58.11,45260.86,48.42,1034,897
19-02-2023,BHAVANISAGAR,Tamil Nadu,Storage Reservoir,105,32800,55.16,17229.51,52.53,982,950
19-02-2023,AMARAVATHI,Tamil Nadu,Storage Reservoir,90,4047,54.63,2456.6,60.7,42,44
19-02-2023,KRISHNA_RAJA_SAGARA,Karnataka,Storage Reservoir,124.8,49452,83.22,32976.78,66.68,622,629
19-02-2023,KABINI,Karnataka,Storage Reservoir,84,19520,51.5,11966.96,61.31,251,235
19-02-2023,KALLANAI,Tamil Nadu,Barrage / Diversion Structure,0,0,0,0,100,332,332
26-02-2023,METTUR,Tamil Nadu,Storage Reservoir,120,93470,78.08,60821.56,65.07,2428,2242
26-02-2023,BHAVANISAGAR,Tamil Nadu,Storage Reservoir,105,32800,67.76,21165.58,64.53,991,811
26-02-2023,AMARAVATHI,Tamil Nadu,Storage Reservoir,90,4047,54.34,2443.38,60.38,142,133
26-02-2023,KRISHNA_RAJA_SAGARA,Karnataka,Storage Reservoir,124.8,49452,58.11,23024.21,46.56,1839,1582
26-02-2023,KABINI,Karnataka,Storage Reservoir,84,19520,44.32,10298.48,52.76,375,337
26-02-2023,KALLANAI,Tamil Nadu,Barrage / Diversion Structure,0,0,0,0,100,615,615
05-03-2023,METTUR,Tamil Nadu,Storage Reservoir,120,93470,61.66,48031.85,51.39,3530,3076
05-03-2023,BHAVANISAGAR,Tamil Nadu,Storage Reservoir,105,32800,40.46,12640.2,38.54,686,707
05-03-2023,AMARAVATHI,Tamil Nadu,Storage Reservoir,90,4047,23.23,1044.73,25.82,63,59
05-03-2023,KRISHNA_RAJA_SAGARA,Karnataka,Storage Reservoir,124.8,49452,65.24,25851.83,52.28,724,687
05-03-2023,KABINI,Karnataka,Storage Reservoir,84,19520,23.66,5497.65,28.16,318,332
05-03-2023,KALLANAI,Tamil Nadu,Barrage / Diversion Structure,0,0,0,0,100,820,820
12-03-2023,METTUR,Tamil Nadu,Storage Reservoir,120,93470,48.84,38042.19,40.7,1035,1074
12-03-2023,BHAVANISAGAR,Tamil Nadu,Storage Reservoir,105,32800,44.44,13883.52,42.33,1089,1131
12-03-2023,AMARAVATHI,Tamil Nadu,Storage Reservoir,90,4047,33.19,1492.5,36.88,80,76
12-03-2023,KRISHNA_RAJA_SAGARA,Karnataka,Storage Reservoir,124.8,49452,37.11,14706.35,29.74,1732,1797
12-03-2023,KABINI,Karnataka,Storage Reservoir,84,19520,28.98,6734.96,34.5,775,830
12-03-2023,KALLANAI,Tamil Nadu,Barrage / Diversion Structure,0,0,0,0,100,986,986
19-03-2023,METTUR,Tamil Nadu,Storage Reservoir,120,93470,36.63,28533.35,30.53,1829,1822
19-03-2023,BHAVANISAGAR,Tamil Nadu,Storage Reservoir,105,32800,31.04,9696.71,29.56,395,388
19-03-2023,AMARAVATHI,Tamil Nadu,Storage Reservoir,90,4047,24.75,1113.08,27.5,78,81
19-03-2023,KRISHNA_RAJA_SAGARA,Karnataka,Storage Reservoir,124.8,49452,50.11,19858.05,40.16,929,859
19-03-2023,KABINI,Karnataka,Storage Reservoir,84,19520,45.8,10642.95,54.52,292,289
19-03-2023,KALLANAI,Tamil Nadu,Barrage / Diversion Structure,0,0,0,0,100,905,905
26-03-2023,METTUR,Tamil Nadu,Storage Reservoir,120,93470,30.45,23721.03,25.38,1311,1256
26-03-2023,BHAVANISAGAR,Tamil Nadu,Storage Reservoir,105,32800,48.91,15278.44,46.58,845,696
26-03-2023,AMARAVATHI,Tamil Nadu,Storage Reservoir,90,4047,42.25,1899.86,46.94,36,38
26-03-2023,KRISHNA_RAJA_SAGARA,Karnataka,Storage Reservoir,124.8,49452,61.87,24514.3,49.57,954,966
26-03-2023,KABINI,Karnataka,Storage Reservoir,84,19520,28.92,6720.83,34.43,351,367
26-03-2023,KALLANAI,Tamil Nadu,Barrage / Diversion Structure,0,0,0,0,100,486,486
02-04-2023,METTUR,Tamil Nadu,Storage Reservoir,120,93470,42.07,32767.07,35.06,1672,1694
02-04-2023,BHAVANISAGAR,Tamil Nadu,Storage Reservoir,105,32800,52.27,16327.63,49.78,391,340
02-04-2023,AMARAVATHI,Tamil Nadu,Storage Reservoir,90,4047,26.33,1184.12,29.26,91,85
02-04-2023,KRISHNA_RAJA_SAGARA,Karnataka,Storage Reservoir,124.8,49452,59.24,23472.29,47.46,1131,1115
02-04-2023,KABINI,Karnataka,Storage Reservoir,84,19520,29.88,6943.51,35.57,520,489
02-04-2023,KALLANAI,Tamil Nadu,Barrage / Diversion Structure,0,0,0,0,100,707,707
09-04-2023,METTUR,Tamil Nadu,Storage Reservoir,120,93470,41.7,32483.74,34.75,2608,2140
09-04-2023,BHAVANISAGAR,Tamil Nadu,Storage Reservoir,105,32800,31.76,9920.83,30.25,556,482
09-04-2023,AMARAVATHI,Tamil Nadu,Storage Reservoir,90,4047,45.1,2028,50.11,74,73
09-04-2023,KRISHNA_RAJA_SAGARA,Karnataka,Storage Reservoir,124.8,49452,57.19,22661.14,45.82,627,559
09-04-2023,KABINI,Karnataka,Storage Reservoir,84,19520,26.36,6125.25,31.38,130,115
09-04-2023,KALLANAI,Tamil Nadu,Barrage / Diversion Structure,0,0,0,0,100,950,950
16-04-2023,METTUR,Tamil Nadu,Storage Reservoir,120,93470,58.38,45476.35,48.65,2757,2420
16-04-2023,BHAVANISAGAR,Tamil Nadu,Storage Reservoir,105,32800,54.83,17126.8,52.22,1053,1019
16-04-2023,AMARAVATHI,Tamil Nadu,Storage Reservoir,90,4047,25.5,1146.5,28.33,97,90
16-04-2023,KRISHNA_RAJA_SAGARA,Karnataka,Storage Reservoir,124.8,49452,63.57,25189.32,50.94,1419,1297
16-04-2023,KABINI,Karnataka,Storage Reservoir,84,19520,45.62,10600.14,54.3,326,302
16-04-2023,KALLANAI,Tamil Nadu,Barrage / Diversion Structure,0,0,0,0,100,791,791
23-04-2023,METTUR,Tamil Nadu,Storage Reservoir,120,93470,60.9,47436.26,50.75,1155,1239
23-04-2023,BHAVANISAGAR,Tamil Nadu,Storage Reservoir,105,32800,50,15618.99,47.62,1213,976
23-04-2023,AMARAVATHI,Tamil Nadu,Storage Reservoir,90,4047,48.5,2180.7,53.88,77,68
23-04-2023,KRISHNA_RAJA_SAGARA,Karnataka,Storage Reservoir,124.8,49452,62.25,24667.57,49.88,1096,1163
23-04-2023,KABINI,Karnataka,Storage Reservoir,84,19520,23.84,5539.27,28.38,666,640
23-04-2023,KALLANAI,Tamil Nadu,Barrage / Diversion Structure,0,0,0,0,100,393,393
30-04-2023,METTUR,Tamil Nadu,Storage Reservoir,120,93470,40.85,31815.28,34.04,1989,1768
30-04-2023,BHAVANISAGAR,Tamil Nadu,Storage Reservoir,105,32800,35.7,11151.2,34,417,339
30-04-2023,AMARAVATHI,Tamil Nadu,Storage Reservoir,90,4047,46.88,2107.95,52.09,106,106
30-04-2023,KRISHNA_RAJA_SAGARA,Karnataka,Storage Reservoir,124.8,49452,53.41,21163.8,42.8,705,603
30-04-2023,KABINI,Karnataka,Storage Reservoir,84,19520,22.99,5342.44,27.37,147,152
30-04-2023,KALLANAI,Tamil Nadu,Barrage / Diversion Structure,0,0,0,0,100,666,666
07-05-2023,METTUR,Tamil Nadu,Storage Reservoir,120,93470,48.77,37989.36,40.64,1428,1498
07-05-2023,BHAVANISAGAR,Tamil Nadu,Storage Reservoir,105,32800,45.12,14093.95,42.97,603,499
07-05-2023,AMARAVATHI,Tamil Nadu,Storage Reservoir,90,4047,47.06,2116.13,52.29,128,134
07-05-2023,KRISHNA_RAJA_SAGARA,Karnataka,Storage Reservoir,124.8,49452,64.11,25403.18,51.37,1585,1514
07-05-2023,KABINI,Karnataka,Storage Reservoir,84,19520,31.85,7400.58,37.91,476,442
07-05-2023,KALLANAI,Tamil Nadu,Barrage / Diversion Structure,0,0,0,0,100,681,681
14-05-2023,METTUR,Tamil Nadu,Storage Reservoir,120,93470,51.86,40390.9,43.21,1995,1950
14-05-2023,BHAVANISAGAR,Tamil Nadu,Storage Reservoir,105,32800,48.38,15113.92,46.08,673,641
14-05-2023,AMARAVATHI,Tamil Nadu,Storage Reservoir,90,4047,25.31,1138.29,28.13,67,63
14-05-2023,KRISHNA_RAJA_SAGARA,Karnataka,Storage Reservoir,124.8,49452,55.62,22039.14,44.57,1997,1957
14-05-2023,KABINI,Karnataka,Storage Reservoir,84,19520,39.74,9234.49,47.31,547,541
14-05-2023,KALLANAI,Tamil Nadu,Barrage / Diversion Structure,0,0,0,0,100,403,403
21-05-2023,METTUR,Tamil Nadu,Storage Reservoir,120,93470,31.64,24647.54,26.37,1163,1026
21-05-2023,BHAVANISAGAR,Tamil Nadu,Storage Reservoir,105,32800,56.85,17759.88,54.15,470,443
21-05-2023,AMARAVATHI,Tamil Nadu,Storage Reservoir,90,4047,27.79,1249.83,30.88,87,76
21-05-2023,KRISHNA_RAJA_SAGARA,Karnataka,Storage Reservoir,124.8,49452,38.95,15433.86,31.21,866,694
21-05-2023,KABINI,Karnataka,Storage Reservoir,84,19520,21.19,4924.88,25.23,241,195
21-05-2023,KALLANAI,Tamil Nadu,Barrage / Diversion Structure,0,0,0,0,100,471,471
28-05-2023,METTUR,Tamil Nadu,Storage Reservoir,120,93470,48.46,37743.22,40.38,1590,1716
28-05-2023,BHAVANISAGAR,Tamil Nadu,Storage Reservoir,105,32800,38.76,12106.63,36.91,501,493
28-05-2023,AMARAVATHI,Tamil Nadu,Storage Reservoir,90,4047,25.57,1149.96,28.42,73,69
28-05-2023,KRISHNA_RAJA_SAGARA,Karnataka,Storage Reservoir,124.8,49452,63.93,25332.62,51.23,1279,1292
28-05-2023,KABINI,Karnataka,Storage Reservoir,84,19520,46.02,10693.94,54.78,321,283
28-05-2023,KALLANAI,Tamil Nadu,Barrage / Diversion Structure,0,0,0,0,100,537,537
04-06-2023,METTUR,Tamil Nadu,Storage Reservoir,120,93470,79.71,62083.69,66.42,5830,5205
04-06-2023,BHAVANISAGAR,Tamil Nadu,Storage Reservoir,105,32800,73.2,22866.1,69.71,8643,9043
04-06-2023,AMARAVATHI,Tamil Nadu,Storage Reservoir,90,4047,40.54,1823.05,45.05,258,210
04-06-2023,KRISHNA_RAJA_SAGARA,Karnataka,Storage Reservoir,124.8,49452,65.8,26075.16,52.73,5011,4916
04-06-2023,KABINI,Karnataka,Storage Reservoir,84,19520,55.1,12804.67,65.6,2172,1987
04-06-2023,KALLANAI,Tamil Nadu,Barrage / Diversion Structure,0,0,0,0,100,9414,9414
11-06-2023,METTUR,Tamil Nadu,Storage Reservoir,120,93470,69.08,53809.21,57.57,2905,2385
11-06-2023,BHAVANISAGAR,Tamil Nadu,Storage Reservoir,105,32800,49.78,15548.97,47.41,4959,5368
11-06-2023,AMARAVATHI,Tamil Nadu,Storage Reservoir,90,4047,58.55,2632.86,65.06,118,107
11-06-2023,KRISHNA_RAJA_SAGARA,Karnataka,Storage Reservoir,124.8,49452,78.39,31060.71,62.81,4462,4421
11-06-2023,KABINI,Karnataka,Storage Reservoir,84,19520,60.81,14132.21,72.4,3841,4079
11-06-2023,KALLANAI,Tamil Nadu,Barrage / Diversion Structure,0,0,0,0,100,11511,11511
18-06-2023,METTUR,Tamil Nadu,Storage Reservoir,120,93470,56.39,43924.65,46.99,5421,4567
18-06-2023,BHAVANISAGAR,Tamil Nadu,Storage Reservoir,105,32800,47.62,14875.19,45.35,4598,4085
18-06-2023,AMARAVATHI,Tamil Nadu,Storage Reservoir,90,4047,53.62,2411.2,59.58,244,198
18-06-2023,KRISHNA_RAJA_SAGARA,Karnataka,Storage Reservoir,124.8,49452,60.77,24078.23,48.69,7960,7187
18-06-2023,KABINI,Karnataka,Storage Reservoir,84,19520,56.18,13054.04,66.88,3420,3603
18-06-2023,KALLANAI,Tamil Nadu,Barrage / Diversion Structure,0,0,0,0,100,11450,11450
25-06-2023,METTUR,Tamil Nadu,Storage Reservoir,120,93470,63.91,49783.46,53.26,3536,3665
25-06-2023,BHAVANISAGAR,Tamil Nadu,Storage Reservoir,105,32800,61.31,19152.77,58.39,7793,8157
25-06-2023,AMARAVATHI,Tamil Nadu,Storage Reservoir,90,4047,63.65,2862.32,70.73,268,249
25-06-2023,KRISHNA_RAJA_SAGARA,Karnataka,Storage Reservoir,124.8,49452,68.1,26983.98,54.57,9793,8924
25-06-2023,KABINI,Karnataka,Storage Reservoir,84,19520,52.95,12303.89,63.03,4306,4334
25-06-2023,KALLANAI,Tamil Nadu,Barrage / Diversion Structure,0,0,0,0,100,7896,7896
02-07-2023,METTUR,Tamil Nadu,Storage Reservoir,120,93470,59.13,46059.98,49.28,4836,4370
02-07-2023,BHAVANISAGAR,Tamil Nadu,Storage Reservoir,105,32800,52.12,16279.88,49.63,2700,2683
02-07-2023,AMARAVATHI,Tamil Nadu,Storage Reservoir,90,4047,57.7,2594.41,64.11,126,103
02-07-2023,KRISHNA_RAJA_SAGARA,Karnataka,Storage Reservoir,124.8,49452,71.5,28330.49,57.29,6285,6304
02-07-2023,KABINI,Karnataka,Storage Reservoir,84,19520,53.07,12331.44,63.17,2644,2288
02-07-2023,KALLANAI,Tamil Nadu,Barrage / Diversion Structure,0,0,0,0,100,14392,14392
09-07-2023,METTUR,Tamil Nadu,Storage Reservoir,120,93470,59.06,46002.75,49.22,4378,3538
09-07-2023,BHAVANISAGAR,Tamil Nadu,Storage Reservoir,105,32800,63.17,19733.68,60.16,8902,8147
09-07-2023,AMARAVATHI,Tamil Nadu,Storage Reservoir,90,4047,41.55,1868.5,46.17,102,93
09-07-2023,KRISHNA_RAJA_SAGARA,Karnataka,Storage Reservoir,124.8,49452,62.15,24627.47,49.8,4798,4926
09-07-2023,KABINI,Karnataka,Storage Reservoir,84,19520,49.35,11469.11,58.76,2856,3055
09-07-2023,KALLANAI,Tamil Nadu,Barrage / Diversion Structure,0,0,0,0,100,4087,4087
16-07-2023,METTUR,Tamil Nadu,Storage Reservoir,120,93470,85.98,66973.23,71.65,3356,3517
16-07-2023,BHAVANISAGAR,Tamil Nadu,Storage Reservoir,105,32800,78.25,24442.69,74.52,6092,6630
16-07-2023,AMARAVATHI,Tamil Nadu,Storage Reservoir,90,4047,51.02,2294.02,56.68,116,104
16-07-2023,KRISHNA_RAJA_SAGARA,Karnataka,Storage Reservoir,124.8,49452,76.43,30285.51,61.24,7621,7362
16-07-2023,KABINI,Karnataka,Storage Reservoir,84,19520,51.45,11956.22,61.25,5803,6093
16-07-2023,KALLANAI,Tamil Nadu,Barrage / Diversion Structure,0,0,0,0,100,10358,10358
23-07-2023,METTUR,Tamil Nadu,Storage Reservoir,120,93470,61.01,47518.95,50.84,1583,1429
23-07-2023,BHAVANISAGAR,Tamil Nadu,Storage Reservoir,105,32800,55.76,17419.24,53.11,8187,7919
23-07-2023,AMARAVATHI,Tamil Nadu,Storage Reservoir,90,4047,49.88,2242.78,55.42,132,111
23-07-2023,KRISHNA_RAJA_SAGARA,Karnataka,Storage Reservoir,124.8,49452,72.78,28841.06,58.32,9481,8975
23-07-2023,KABINI,Karnataka,Storage Reservoir,84,19520,47.92,11136.82,57.05,4963,5281
23-07-2023,KALLANAI,Tamil Nadu,Barrage / Diversion Structure,0,0,0,0,100,10134,10134
30-07-2023,METTUR,Tamil Nadu,Storage Reservoir,120,93470,61.25,47706.49,51.04,3750,3044
30-07-2023,BHAVANISAGAR,Tamil Nadu,Storage Reservoir,105,32800,62.23,19439.37,59.27,6737,5849
30-07-2023,AMARAVATHI,Tamil Nadu,Storage Reservoir,90,4047,66.53,2991.58,73.92,255,259
30-07-2023,KRISHNA_RAJA_SAGARA,Karnataka,Storage Reservoir,124.8,49452,76.13,30166.51,61,13342,11196
30-07-2023,KABINI,Karnataka,Storage Reservoir,84,19520,57.72,13413.23,68.72,2401,2492
30-07-2023,KALLANAI,Tamil Nadu,Barrage / Diversion Structure,0,0,0,0,100,6751,6751
06-08-2023,METTUR,Tamil Nadu,Storage Reservoir,120,93470,83.36,64927.89,69.46,5197,5687
06-08-2023,BHAVANISAGAR,Tamil Nadu,Storage Reservoir,105,32800,83.48,26076.73,79.5,10184,9945
06-08-2023,AMARAVATHI,Tamil Nadu,Storage Reservoir,90,4047,68.63,3086.24,76.26,183,157
06-08-2023,KRISHNA_RAJA_SAGARA,Karnataka,Storage Reservoir,124.8,49452,109.64,43445.53,87.85,9983,9517
06-08-2023,KABINI,Karnataka,Storage Reservoir,84,19520,67.01,15571.06,79.77,4788,5073
06-08-2023,KALLANAI,Tamil Nadu,Barrage / Diversion Structure,0,0,0,0,100,21052,21052
13-08-2023,METTUR,Tamil Nadu,Storage Reservoir,120,93470,105.52,82193.62,87.94,5328,5790
13-08-2023,BHAVANISAGAR,Tamil Nadu,Storage Reservoir,105,32800,74.56,23292.67,71.01,3612,3814
13-08-2023,AMARAVATHI,Tamil Nadu,Storage Reservoir,90,4047,70.36,3163.72,78.17,289,308
13-08-2023,KRISHNA_RAJA_SAGARA,Karnataka,Storage Reservoir,124.8,49452,83.46,33070.4,66.87,12366,11555
13-08-2023,KABINI,Karnataka,Storage Reservoir,84,19520,67.46,15677.09,80.31,3975,4284
13-08-2023,KALLANAI,Tamil Nadu,Barrage / Diversion Structure,0,0,0,0,100,2629,2629
20-08-2023,METTUR,Tamil Nadu,Storage Reservoir,120,93470,104.02,81020.93,86.68,5295,4449
20-08-2023,BHAVANISAGAR,Tamil Nadu,Storage Reservoir,105,32800,77.68,24266.05,73.98,5286,5504
20-08-2023,AMARAVATHI,Tamil Nadu,Storage Reservoir,90,4047,66.03,2968.99,73.36,136,147
20-08-2023,KRISHNA_RAJA_SAGARA,Karnataka,Storage Reservoir,124.8,49452,81.45,32275.29,65.27,13901,13943
20-08-2023,KABINI,Karnataka,Storage Reservoir,84,19520,75.48,17539.52,89.85,2911,2341
20-08-2023,KALLANAI,Tamil Nadu,Barrage / Diversion Structure,0,0,0,0,100,13632,13632
27-08-2023,METTUR,Tamil Nadu,Storage Reservoir,120,93470,83.14,64761.16,69.29,5813,5991
27-08-2023,BHAVANISAGAR,Tamil Nadu,Storage Reservoir,105,32800,88.99,27800.04,84.76,9278,9776
27-08-2023,AMARAVATHI,Tamil Nadu,Storage Reservoir,90,4047,75.07,3375.53,83.41,118,111
27-08-2023,KRISHNA_RAJA_SAGARA,Karnataka,Storage Reservoir,124.8,49452,84.03,33295.77,67.33,10026,9245
27-08-2023,KABINI,Karnataka,Storage Reservoir,84,19520,56.26,13074.55,66.98,3701,3084
27-08-2023,KALLANAI,Tamil Nadu,Barrage / Diversion Structure,0,0,0,0,100,17074,17074
03-09-2023,METTUR,Tamil Nadu,Storage Reservoir,120,93470,112.38,87537.89,93.65,2188,1947
03-09-2023,BHAVANISAGAR,Tamil Nadu,Storage Reservoir,105,32800,70.67,22076.32,67.31,7705,8000
03-09-2023,AMARAVATHI,Tamil Nadu,Storage Reservoir,90,4047,77.59,3489.02,86.21,50,41
03-09-2023,KRISHNA_RAJA_SAGARA,Karnataka,Storage Reservoir,124.8,49452,96.2,38120.67,77.09,9233,8030
03-09-2023,KABINI,Karnataka,Storage Reservoir,84,19520,61.68,14333.56,73.43,5973,6443
03-09-2023,KALLANAI,Tamil Nadu,Barrage / Diversion Structure,0,0,0,0,100,9361,9361
10-09-2023,METTUR,Tamil Nadu,Storage Reservoir,120,93470,95.15,74115.27,79.29,2229,2211
10-09-2023,BHAVANISAGAR,Tamil Nadu,Storage Reservoir,105,32800,99.09,30953.17,94.37,8346,7572
10-09-2023,AMARAVATHI,Tamil Nadu,Storage Reservoir,90,4047,75.99,3417.07,84.43,82,87
10-09-2023,KRISHNA_RAJA_SAGARA,Karnataka,Storage Reservoir,124.8,49452,99.96,39607.35,80.09,10826,10563
10-09-2023,KABINI,Karnataka,Storage Reservoir,84,19520,70.34,16346.73,83.74,2573,2585
10-09-2023,KALLANAI,Tamil Nadu,Barrage / Diversion Structure,0,0,0,0,100,6777,6777
17-09-2023,METTUR,Tamil Nadu,Storage Reservoir,120,93470,106.94,83299.3,89.12,5204,4975
17-09-2023,BHAVANISAGAR,Tamil Nadu,Storage Reservoir,105,32800,72.75,22725.9,69.29,8842,7793
17-09-2023,AMARAVATHI,Tamil Nadu,Storage Reservoir,90,4047,71.91,3233.59,79.9,167,140
17-09-2023,KRISHNA_RAJA_SAGARA,Karnataka,Storage Reservoir,124.8,49452,104.69,41483.67,83.89,5794,5936
17-09-2023,KABINI,Karnataka,Storage Reservoir,84,19520,62.6,14547.79,74.53,2063,1966
17-09-2023,KALLANAI,Tamil Nadu,Barrage / Diversion Structure,0,0,0,0,100,3447,3447
24-09-2023,METTUR,Tamil Nadu,Storage Reservoir,120,93470,80.26,62513.38,66.88,6043,4841
24-09-2023,BHAVANISAGAR,Tamil Nadu,Storage Reservoir,105,32800,76.02,23748.75,72.4,6822,6104
24-09-2023,AMARAVATHI,Tamil Nadu,Storage Reservoir,90,4047,61.25,2754.26,68.06,168,148
24-09-2023,KRISHNA_RAJA_SAGARA,Karnataka,Storage Reservoir,124.8,49452,112.67,44645.94,90.28,6741,6988
24-09-2023,KABINI,Karnataka,Storage Reservoir,84,19520,77.08,17910.8,91.76,3055,3277
24-09-2023,KALLANAI,Tamil Nadu,Barrage / Diversion Structure,0,0,0,0,100,7453,7453
01-10-2023,METTUR,Tamil Nadu,Storage Reservoir,120,93470,102.73,80020.21,85.61,15692,14378
01-10-2023,BHAVANISAGAR,Tamil Nadu,Storage Reservoir,105,32800,88.18,27545.88,83.98,3102,2485
01-10-2023,AMARAVATHI,Tamil Nadu,Storage Reservoir,90,4047,63.01,2833.25,70.01,829,828
01-10-2023,KRISHNA_RAJA_SAGARA,Karnataka,Storage Reservoir,124.8,49452,117.29,46475.69,93.98,4899,5316
01-10-2023,KABINI,Karnataka,Storage Reservoir,84,19520,72.3,16802.08,86.08,1223,1017
01-10-2023,KALLANAI,Tamil Nadu,Barrage / Diversion Structure,0,0,0,0,100,15052,15052
08-10-2023,METTUR,Tamil Nadu,Storage Reservoir,120,93470,90.96,70851.68,75.8,22442,21322
08-10-2023,BHAVANISAGAR,Tamil Nadu,Storage Reservoir,105,32800,81.88,25578.05,77.98,2065,1781
08-10-2023,AMARAVATHI,Tamil Nadu,Storage Reservoir,90,4047,68.46,3078.2,76.06,580,473
08-10-2023,KRISHNA_RAJA_SAGARA,Karnataka,Storage Reservoir,124.8,49452,109.86,43531.13,88.03,2980,3119
08-10-2023,KABINI,Karnataka,Storage Reservoir,84,19520,76.03,17667.64,90.51,914,911
08-10-2023,KALLANAI,Tamil Nadu,Barrage / Diversion Structure,0,0,0,0,100,9384,9384
15-10-2023,METTUR,Tamil Nadu,Storage Reservoir,120,93470,102.4,79762.06,85.33,18800,16705
15-10-2023,BHAVANISAGAR,Tamil Nadu,Storage Reservoir,105,32800,72.55,22664.15,69.1,2840,2901
15-10-2023,AMARAVATHI,Tamil Nadu,Storage Reservoir,90,4047,67.02,3013.75,74.47,841,772
15-10-2023,KRISHNA_RAJA_SAGARA,Karnataka,Storage Reservoir,124.8,49452,107.82,42724.65,86.4,2600,2774
15-10-2023,KABINI,Karnataka,Storage Reservoir,84,19520,61.84,14371.07,73.62,1273,1040
15-10-2023,KALLANAI,Tamil Nadu,Barrage / Diversion Structure,0,0,0,0,100,4429,4429
22-10-2023,METTUR,Tamil Nadu,Storage Reservoir,120,93470,108.08,84183.2,90.06,8984,8208
22-10-2023,BHAVANISAGAR,Tamil Nadu,Storage Reservoir,105,32800,78.88,24639.48,75.12,1032,864
22-10-2023,AMARAVATHI,Tamil Nadu,Storage Reservoir,90,4047,69.67,3132.75,77.41,750,690
22-10-2023,KRISHNA_RAJA_SAGARA,Karnataka,Storage Reservoir,124.8,49452,101,40020.58,80.93,3283,2636
22-10-2023,KABINI,Karnataka,Storage Reservoir,84,19520,66.3,15405.74,78.92,1732,1655
22-10-2023,KALLANAI,Tamil Nadu,Barrage / Diversion Structure,0,0,0,0,100,13369,13369
29-10-2023,METTUR,Tamil Nadu,Storage Reservoir,120,93470,105.83,82428.99,88.19,22662,24765
29-10-2023,BHAVANISAGAR,Tamil Nadu,Storage Reservoir,105,32800,72.2,22555.41,68.77,889,916
29-10-2023,AMARAVATHI,Tamil Nadu,Storage Reservoir,90,4047,80.29,3610.52,89.21,595,523
29-10-2023,KRISHNA_RAJA_SAGARA,Karnataka,Storage Reservoir,124.8,49452,81.78,32404.2,65.53,2058,2123
29-10-2023,KABINI,Karnataka,Storage Reservoir,84,19520,67.65,15721.18,80.54,868,791
29-10-2023,KALLANAI,Tamil Nadu,Barrage / Diversion Structure,0,0,0,0,100,2924,2924
05-11-2023,METTUR,Tamil Nadu,Storage Reservoir,120,93470,113.07,88072.89,94.23,28285,22828
05-11-2023,BHAVANISAGAR,Tamil Nadu,Storage Reservoir,105,32800,96.55,30161.84,91.96,2188,2262
05-11-2023,AMARAVATHI,Tamil Nadu,Storage Reservoir,90,4047,70.87,3186.6,78.74,816,726
05-11-2023,KRISHNA_RAJA_SAGARA,Karnataka,Storage Reservoir,124.8,49452,83.58,33118.42,66.97,1872,1636
05-11-2023,KABINI,Karnataka,Storage Reservoir,84,19520,66.8,15522.76,79.52,1266,1192
05-11-2023,KALLANAI,Tamil Nadu,Barrage / Diversion Structure,0,0,0,0,100,3806,3806
12-11-2023,METTUR,Tamil Nadu,Storage Reservoir,120,93470,106.27,82773,88.56,35444,34144
12-11-2023,BHAVANISAGAR,Tamil Nadu,Storage Reservoir,105,32800,98.58,30793.64,93.88,1478,1344
12-11-2023,AMARAVATHI,Tamil Nadu,Storage Reservoir,90,4047,64.59,2904.19,71.76,716,603
12-11-2023,KRISHNA_RAJA_SAGARA,Karnataka,Storage Reservoir,124.8,49452,104.42,41377.68,83.67,4962,4830
12-11-2023,KABINI,Karnataka,Storage Reservoir,84,19520,58.3,13548.61,69.41,2004,1985
12-11-2023,KALLANAI,Tamil Nadu,Barrage / Diversion Structure,0,0,0,0,100,11717,11717
19-11-2023,METTUR,Tamil Nadu,Storage Reservoir,120,93470,90.43,70435.03,75.36,24642,21861
19-11-2023,BHAVANISAGAR,Tamil Nadu,Storage Reservoir,105,32800,83.05,25944.68,79.1,3053,3090
19-11-2023,AMARAVATHI,Tamil Nadu,Storage Reservoir,90,4047,60.18,2706.07,66.87,487,390
19-11-2023,KRISHNA_RAJA_SAGARA,Karnataka,Storage Reservoir,124.8,49452,104.74,41503.9,83.93,3138,2636
19-11-2023,KABINI,Karnataka,Storage Reservoir,84,19520,78.74,18297.66,93.74,1345,1173
19-11-2023,KALLANAI,Tamil Nadu,Barrage / Diversion Structure,0,0,0,0,100,10760,10760
26-11-2023,METTUR,Tamil Nadu,Storage Reservoir,120,93470,87.89,68458.47,73.24,20477,19205
26-11-2023,BHAVANISAGAR,Tamil Nadu,Storage Reservoir,105,32800,85.47,26698.32,81.4,2055,1671
26-11-2023,AMARAVATHI,Tamil Nadu,Storage Reservoir,90,4047,62.98,2831.79,69.97,641,553
26-11-2023,KRISHNA_RAJA_SAGARA,Karnataka,Storage Reservoir,124.8,49452,82.99,32885.27,66.5,4464,4885
26-11-2023,KABINI,Karnataka,Storage Reservoir,84,19520,74.59,17332.64,88.79,1775,1548
26-11-2023,KALLANAI,Tamil Nadu,Barrage / Diversion Structure,0,0,0,0,100,17009,17009
03-12-2023,METTUR,Tamil Nadu,Storage Reservoir,120,93470,89.81,69957.23,74.84,28897,31623
03-12-2023,BHAVANISAGAR,Tamil Nadu,Storage Reservoir,105,32800,65.19,20364.27,62.09,1192,1109
03-12-2023,AMARAVATHI,Tamil Nadu,Storage Reservoir,90,4047,56.53,2541.79,62.81,591,583
03-12-2023,KRISHNA_RAJA_SAGARA,Karnataka,Storage Reservoir,124.8,49452,92.9,36809.76,74.44,1633,1694
03-12-2023,KABINI,Karnataka,Storage Reservoir,84,19520,60.68,14100.66,72.24,1349,1467
03-12-2023,KALLANAI,Tamil Nadu,Barrage / Diversion Structure,0,0,0,0,100,13301,13301
10-12-2023,METTUR,Tamil Nadu,Storage Reservoir,120,93470,59.82,46594.93,49.85,21524,21857
10-12-2023,BHAVANISAGAR,Tamil Nadu,Storage Reservoir,105,32800,55.04,17193.83,52.42,2959,2958
10-12-2023,AMARAVATHI,Tamil Nadu,Storage Reservoir,90,4047,44.89,2018.68,49.88,1016,1047
10-12-2023,KRISHNA_RAJA_SAGARA,Karnataka,Storage Reservoir,124.8,49452,74.84,29654.82,59.97,2002,1607
10-12-2023,KABINI,Karnataka,Storage Reservoir,84,19520,46.8,10874.76,55.71,2201,1911
10-12-2023,KALLANAI,Tamil Nadu,Barrage / Diversion Structure,0,0,0,0,100,16129,16129
17-12-2023,METTUR,Tamil Nadu,Storage Reservoir,120,93470,84.53,65841.45,70.44,22072,18289
17-12-2023,BHAVANISAGAR,Tamil Nadu,Storage Reservoir,105,32800,60.75,18978.43,57.86,848,800
17-12-2023,AMARAVATHI,Tamil Nadu,Storage Reservoir,90,4047,58.39,2625.41,64.87,481,426
17-12-2023,KRISHNA_RAJA_SAGARA,Karnataka,Storage Reservoir,124.8,49452,71.06,28155.55,56.94,3431,3767
17-12-2023,KABINI,Karnataka,Storage Reservoir,84,19520,38.93,9047,46.35,1203,1096
17-12-2023,KALLANAI,Tamil Nadu,Barrage / Diversion Structure,0,0,0,0,100,8559,8559
24-12-2023,METTUR,Tamil Nadu,Storage Reservoir,120,93470,88.23,68726.49,73.53,25355,23000
24-12-2023,BHAVANISAGAR,Tamil Nadu,Storage Reservoir,105,32800,72.06,22509.48,68.63,1728,1674
24-12-2023,AMARAVATHI,Tamil Nadu,Storage Reservoir,90,4047,50.18,2256.5,55.76,1178,1027
24-12-2023,KRISHNA_RAJA_SAGARA,Karnataka,Storage Reservoir,124.8,49452,63.33,25095.8,50.75,4921,4087
24-12-2023,KABINI,Karnataka,Storage Reservoir,84,19520,50.55,11746.89,60.18,987,801
24-12-2023,KALLANAI,Tamil Nadu,Barrage / Diversion Structure,0,0,0,0,100,3974,3974
31-12-2023,METTUR,Tamil Nadu,Storage Reservoir,120,93470,64.17,49982.49,53.47,33443,32589
31-12-2023,BHAVANISAGAR,Tamil Nadu,Storage Reservoir,105,32800,61,19056.28,58.1,1665,1590
31-12-2023,AMARAVATHI,Tamil Nadu,Storage Reservoir,90,4047,60.99,2742.38,67.76,781,707
31-12-2023,KRISHNA_RAJA_SAGARA,Karnataka,Storage Reservoir,124.8,49452,89.63,35517.83,71.82,3362,3589
31-12-2023,KABINI,Karnataka,Storage Reservoir,84,19520,48.37,11240.29,57.58,1174,1106
31-12-2023,KALLANAI,Tamil Nadu,Barrage / Diversion Structure,0,0,0,0,100,12434,12434
07-01-2024,METTUR,Tamil Nadu,Storage Reservoir,120,93470,60.7,47280.94,50.58,1696,1791
07-01-2024,BHAVANISAGAR,Tamil Nadu,Storage Reservoir,105,32800,53.77,16797.63,51.21,264,216
07-01-2024,AMARAVATHI,Tamil Nadu,Storage Reservoir,90,4047,65.9,2963.36,73.22,88,81
07-01-2024,KRISHNA_RAJA_SAGARA,Karnataka,Storage Reservoir,124.8,49452,86.52,34283.27,69.33,931,837
07-01-2024,KABINI,Karnataka,Storage Reservoir,84,19520,55.28,12845.83,65.81,349,347
07-01-2024,KALLANAI,Tamil Nadu,Barrage / Diversion Structure,0,0,0,0,100,713,713
14-01-2024,METTUR,Tamil Nadu,Storage Reservoir,120,93470,64.17,49982.31,53.47,1797,1457
14-01-2024,BHAVANISAGAR,Tamil Nadu,Storage Reservoir,105,32800,51.28,16018.21,48.84,1142,913
14-01-2024,AMARAVATHI,Tamil Nadu,Storage Reservoir,90,4047,51.75,2326.9,57.5,85,69
14-01-2024,KRISHNA_RAJA_SAGARA,Karnataka,Storage Reservoir,124.8,49452,92.59,36689.6,74.19,988,880
14-01-2024,KABINI,Karnataka,Storage Reservoir,84,19520,45.46,10563.89,54.12,392,313
14-01-2024,KALLANAI,Tamil Nadu,Barrage / Diversion Structure,0,0,0,0,100,2772,2772
21-01-2024,METTUR,Tamil Nadu,Storage Reservoir,120,93470,77.87,60654.01,64.89,1681,1772
21-01-2024,BHAVANISAGAR,Tamil Nadu,Storage Reservoir,105,32800,60.56,18918.67,57.68,772,692
21-01-2024,AMARAVATHI,Tamil Nadu,Storage Reservoir,90,4047,59.74,2686.34,66.38,77,65
21-01-2024,KRISHNA_RAJA_SAGARA,Karnataka,Storage Reservoir,124.8,49452,70.05,27756.53,56.13,2033,2118
21-01-2024,KABINI,Karnataka,Storage Reservoir,84,19520,62.62,14551.33,74.55,718,659
21-01-2024,KALLANAI,Tamil Nadu,Barrage / Diversion Structure,0,0,0,0,100,2120,2120
28-01-2024,METTUR,Tamil Nadu,Storage Reservoir,120,93470,73.6,57329.74,61.33,1307,1111
28-01-2024,BHAVANISAGAR,Tamil Nadu,Storage Reservoir,105,32800,71.84,22441.42,68.42,825,895
28-01-2024,AMARAVATHI,Tamil Nadu,Storage Reservoir,90,4047,41.65,1872.65,46.27,35,34
28-01-2024,KRISHNA_RAJA_SAGARA,Karnataka,Storage Reservoir,124.8,49452,67.26,26653.04,53.9,1394,1432
28-01-2024,KABINI,Karnataka,Storage Reservoir,84,19520,40.38,9384.33,48.08,459,437
28-01-2024,KALLANAI,Tamil Nadu,Barrage / Diversion Structure,0,0,0,0,100,1182,1182
04-02-2024,METTUR,Tamil Nadu,Storage Reservoir,120,93470,79.1,61611.95,65.92,3013,2827
04-02-2024,BHAVANISAGAR,Tamil Nadu,Storage Reservoir,105,32800,76.26,23822.59,72.63,1122,1142
04-02-2024,AMARAVATHI,Tamil Nadu,Storage Reservoir,90,4047,63.77,2867.33,70.85,83,86
04-02-2024,KRISHNA_RAJA_SAGARA,Karnataka,Storage Reservoir,124.8,49452,63.47,25149.91,50.86,1198,1079
04-02-2024,KABINI,Karnataka,Storage Reservoir,84,19520,62.46,14514.25,74.36,758,765
04-02-2024,KALLANAI,Tamil Nadu,Barrage / Diversion Structure,0,0,0,0,100,649,649
11-02-2024,METTUR,Tamil Nadu,Storage Reservoir,120,93470,67.7,52731.6,56.42,1234,1278
11-02-2024,BHAVANISAGAR,Tamil Nadu,Storage Reservoir,105,32800,70.38,21986.93,67.03,839,677
11-02-2024,AMARAVATHI,Tamil Nadu,Storage Reservoir,90,4047,63.15,2839.78,70.17,41,41
11-02-2024,KRISHNA_RAJA_SAGARA,Karnataka,Storage Reservoir,124.8,49452,92.49,36647.75,74.11,1342,1168
11-02-2024,KABINI,Karnataka,Storage Reservoir,84,19520,55.56,12911.72,66.15,744,717
11-02-2024,KALLANAI,Tamil Nadu,Barrage / Diversion Structure,0,0,0,0,100,241,241
18-02-2024,METTUR,Tamil Nadu,Storage Reservoir,120,93470,85.06,66250.8,70.88,1547,1608
18-02-2024,BHAVANISAGAR,Tamil Nadu,Storage Reservoir,105,32800,64.66,20198.64,61.58,590,495
18-02-2024,AMARAVATHI,Tamil Nadu,Storage Reservoir,90,4047,63.86,2871.71,70.96,64,57
18-02-2024,KRISHNA_RAJA_SAGARA,Karnataka,Storage Reservoir,124.8,49452,67.02,26556.4,53.7,1362,1364
18-02-2024,KABINI,Karnataka,Storage Reservoir,84,19520,57.88,13449.37,68.9,294,290
18-02-2024,KALLANAI,Tamil Nadu,Barrage / Diversion Structure,0,0,0,0,100,866,866
25-02-2024,METTUR,Tamil Nadu,Storage Reservoir,120,93470,78.26,60961.69,65.22,528,509
25-02-2024,BHAVANISAGAR,Tamil Nadu,Storage Reservoir,105,32800,56.31,17590.31,53.63,744,673
25-02-2024,AMARAVATHI,Tamil Nadu,Storage Reservoir,90,4047,57.27,2575.46,63.64,34,34
25-02-2024,KRISHNA_RAJA_SAGARA,Karnataka,Storage Reservoir,124.8,49452,71.31,28254.81,57.14,790,817
25-02-2024,KABINI,Karnataka,Storage Reservoir,84,19520,45,10457.4,53.57,512,514
25-02-2024,KALLANAI,Tamil Nadu,Barrage / Diversion Structure,0,0,0,0,100,245,245
03-03-2024,METTUR,Tamil Nadu,Storage Reservoir,120,93470,53.1,41362.37,44.25,3163,3130
03-03-2024,BHAVANISAGAR,Tamil Nadu,Storage Reservoir,105,32800,32.52,10158.08,30.97,526,539
03-03-2024,AMARAVATHI,Tamil Nadu,Storage Reservoir,90,4047,25.24,1134.83,28.04,90,79
03-03-2024,KRISHNA_RAJA_SAGARA,Karnataka,Storage Reservoir,124.8,49452,47.37,18772.26,37.96,1279,1049
03-03-2024,KABINI,Karnataka,Storage Reservoir,84,19520,34.07,7917.51,40.56,231,252
03-03-2024,KALLANAI,Tamil Nadu,Barrage / Diversion Structure,0,0,0,0,100,522,522
10-03-2024,METTUR,Tamil Nadu,Storage Reservoir,120,93470,45.22,35221.23,37.68,1906,1752
10-03-2024,BHAVANISAGAR,Tamil Nadu,Storage Reservoir,105,32800,34.57,10800.48,32.93,572,540
10-03-2024,AMARAVATHI,Tamil Nadu,Storage Reservoir,90,4047,29.75,1337.78,33.06,76,75
10-03-2024,KRISHNA_RAJA_SAGARA,Karnataka,Storage Reservoir,124.8,49452,67.46,26731.83,54.06,1351,1111
10-03-2024,KABINI,Karnataka,Storage Reservoir,84,19520,22.9,5322.62,27.27,701,623
10-03-2024,KALLANAI,Tamil Nadu,Barrage / Diversion Structure,0,0,0,0,100,679,679
17-03-2024,METTUR,Tamil Nadu,Storage Reservoir,120,93470,39.63,30865.72,33.02,1105,1203
17-03-2024,BHAVANISAGAR,Tamil Nadu,Storage Reservoir,105,32800,34.15,10668.79,32.53,866,876
17-03-2024,AMARAVATHI,Tamil Nadu,Storage Reservoir,90,4047,38.97,1752.36,43.3,75,66
17-03-2024,KRISHNA_RAJA_SAGARA,Karnataka,Storage Reservoir,124.8,49452,53.58,21229.77,42.93,1518,1645
17-03-2024,KABINI,Karnataka,Storage Reservoir,84,19520,23.67,5500.18,28.18,287,310
17-03-2024,KALLANAI,Tamil Nadu,Barrage / Diversion Structure,0,0,0,0,100,906,906
24-03-2024,METTUR,Tamil Nadu,Storage Reservoir,120,93470,55.24,43028.16,46.03,2399,2212
24-03-2024,BHAVANISAGAR,Tamil Nadu,Storage Reservoir,105,32800,26.73,8351.49,25.46,499,437
24-03-2024,AMARAVATHI,Tamil Nadu,Storage Reservoir,90,4047,34.66,1558.4,38.51,128,117
24-03-2024,KRISHNA_RAJA_SAGARA,Karnataka,Storage Reservoir,124.8,49452,62.64,24821.96,50.19,478,478
24-03-2024,KABINI,Karnataka,Storage Reservoir,84,19520,45.62,10601.35,54.31,165,132
24-03-2024,KALLANAI,Tamil Nadu,Barrage / Diversion Structure,0,0,0,0,100,274,274
31-03-2024,METTUR,Tamil Nadu,Storage Reservoir,120,93470,45.62,35537.88,38.02,2006,1866
31-03-2024,BHAVANISAGAR,Tamil Nadu,Storage Reservoir,105,32800,49.04,15318.73,46.7,416,406
31-03-2024,AMARAVATHI,Tamil Nadu,Storage Reservoir,90,4047,39.06,1756.35,43.4,130,113
31-03-2024,KRISHNA_RAJA_SAGARA,Karnataka,Storage Reservoir,124.8,49452,57.93,22956.4,46.42,730,627
31-03-2024,KABINI,Karnataka,Storage Reservoir,84,19520,43.11,10018.46,51.32,603,484
31-03-2024,KALLANAI,Tamil Nadu,Barrage / Diversion Structure,0,0,0,0,100,371,371
07-04-2024,METTUR,Tamil Nadu,Storage Reservoir,120,93470,32.25,25120.8,26.88,1340,1366
07-04-2024,BHAVANISAGAR,Tamil Nadu,Storage Reservoir,105,32800,45.36,14170.24,43.2,593,488
07-04-2024,AMARAVATHI,Tamil Nadu,Storage Reservoir,90,4047,48.19,2166.95,53.54,80,83
07-04-2024,KRISHNA_RAJA_SAGARA,Karnataka,Storage Reservoir,124.8,49452,62.01,24572.46,49.69,1092,1051
07-04-2024,KABINI,Karnataka,Storage Reservoir,84,19520,26.05,6052.85,31.01,336,343
07-04-2024,KALLANAI,Tamil Nadu,Barrage / Diversion Structure,0,0,0,0,100,617,617
14-04-2024,METTUR,Tamil Nadu,Storage Reservoir,120,93470,63.15,49186.72,52.62,1765,1697
14-04-2024,BHAVANISAGAR,Tamil Nadu,Storage Reservoir,105,32800,34.72,10845.52,33.07,323,345
14-04-2024,AMARAVATHI,Tamil Nadu,Storage Reservoir,90,4047,40.49,1820.9,44.99,90,84
14-04-2024,KRISHNA_RAJA_SAGARA,Karnataka,Storage Reservoir,124.8,49452,54.8,21713.1,43.91,420,424
14-04-2024,KABINI,Karnataka,Storage Reservoir,84,19520,31.78,7384.03,37.83,209,207
14-04-2024,KALLANAI,Tamil Nadu,Barrage / Diversion Structure,0,0,0,0,100,251,251
21-04-2024,METTUR,Tamil Nadu,Storage Reservoir,120,93470,45.98,35815.45,38.32,773,688
21-04-2024,BHAVANISAGAR,Tamil Nadu,Storage Reservoir,105,32800,42.08,13145.89,40.08,483,457
21-04-2024,AMARAVATHI,Tamil Nadu,Storage Reservoir,90,4047,47.53,2137.36,52.81,38,39
21-04-2024,KRISHNA_RAJA_SAGARA,Karnataka,Storage Reservoir,124.8,49452,46.54,18440.72,37.29,1513,1328
21-04-2024,KABINI,Karnataka,Storage Reservoir,84,19520,25.02,5813.99,29.78,341,280
21-04-2024,KALLANAI,Tamil Nadu,Barrage / Diversion Structure,0,0,0,0,100,731,731
28-04-2024,METTUR,Tamil Nadu,Storage Reservoir,120,93470,54.66,42579.35,45.55,1499,1329
28-04-2024,BHAVANISAGAR,Tamil Nadu,Storage Reservoir,105,32800,36.01,11248.5,34.29,679,648
28-04-2024,AMARAVATHI,Tamil Nadu,Storage Reservoir,90,4047,36.96,1661.97,41.07,91,82
28-04-2024,KRISHNA_RAJA_SAGARA,Karnataka,Storage Reservoir,124.8,49452,62.22,24655.12,49.86,1761,1571
28-04-2024,KABINI,Karnataka,Storage Reservoir,84,19520,44.03,10231.15,52.41,783,703
28-04-2024,KALLANAI,Tamil Nadu,Barrage / Diversion Structure,0,0,0,0,100,604,604
05-05-2024,METTUR,Tamil Nadu,Storage Reservoir,120,93470,33.69,26243.61,28.08,2296,2217
05-05-2024,BHAVANISAGAR,Tamil Nadu,Storage Reservoir,105,32800,42.1,13150.82,40.09,655,692
05-05-2024,AMARAVATHI,Tamil Nadu,Storage Reservoir,90,4047,40.78,1833.62,45.31,149,157
05-05-2024,KRISHNA_RAJA_SAGARA,Karnataka,Storage Reservoir,124.8,49452,59.22,23465.31,47.45,1338,1315
05-05-2024,KABINI,Karnataka,Storage Reservoir,84,19520,25.04,5819.1,29.81,660,563
05-05-2024,KALLANAI,Tamil Nadu,Barrage / Diversion Structure,0,0,0,0,100,383,383
12-05-2024,METTUR,Tamil Nadu,Storage Reservoir,120,93470,30.07,23423.36,25.06,1515,1544
12-05-2024,BHAVANISAGAR,Tamil Nadu,Storage Reservoir,105,32800,42.47,13266.94,40.45,267,220
12-05-2024,AMARAVATHI,Tamil Nadu,Storage Reservoir,90,4047,23.02,1034.97,25.57,35,37
12-05-2024,KRISHNA_RAJA_SAGARA,Karnataka,Storage Reservoir,124.8,49452,40.24,15946.34,32.25,521,433
12-05-2024,KABINI,Karnataka,Storage Reservoir,84,19520,26.6,6182.15,31.67,245,240
12-05-2024,KALLANAI,Tamil Nadu,Barrage / Diversion Structure,0,0,0,0,100,246,246
19-05-2024,METTUR,Tamil Nadu,Storage Reservoir,120,93470,37.9,29524.01,31.59,2003,1972
19-05-2024,BHAVANISAGAR,Tamil Nadu,Storage Reservoir,105,32800,43.79,13679.68,41.71,535,496
19-05-2024,AMARAVATHI,Tamil Nadu,Storage Reservoir,90,4047,37.1,1668.46,41.23,71,71
19-05-2024,KRISHNA_RAJA_SAGARA,Karnataka,Storage Reservoir,124.8,49452,37.63,14910.18,30.15,881,813
19-05-2024,KABINI,Karnataka,Storage Reservoir,84,19520,42.94,9977.81,51.12,393,377
19-05-2024,KALLANAI,Tamil Nadu,Barrage / Diversion Structure,0,0,0,0,100,684,684
26-05-2024,METTUR,Tamil Nadu,Storage Reservoir,120,93470,35.14,27372.93,29.29,1865,1607
26-05-2024,BHAVANISAGAR,Tamil Nadu,Storage Reservoir,105,32800,38.59,12055.9,36.76,565,486
26-05-2024,AMARAVATHI,Tamil Nadu,Storage Reservoir,90,4047,36.21,1628.28,40.23,62,49
26-05-2024,KRISHNA_RAJA_SAGARA,Karnataka,Storage Reservoir,124.8,49452,60.88,24124.04,48.78,347,326
26-05-2024,KABINI,Karnataka,Storage Reservoir,84,19520,35.13,8163.33,41.82,271,272
26-05-2024,KALLANAI,Tamil Nadu,Barrage / Diversion Structure,0,0,0,0,100,207,207
02-06-2024,METTUR,Tamil Nadu,Storage Reservoir,120,93470,84.1,65507.08,70.08,5116,5387
02-06-2024,BHAVANISAGAR,Tamil Nadu,Storage Reservoir,105,32800,62.53,19533.33,59.55,5806,6023
02-06-2024,AMARAVATHI,Tamil Nadu,Storage Reservoir,90,4047,52.68,2369.07,58.54,114,120
02-06-2024,KRISHNA_RAJA_SAGARA,Karnataka,Storage Reservoir,124.8,49452,89.2,35346.71,71.48,10147,8348
02-06-2024,KABINI,Karnataka,Storage Reservoir,84,19520,47.57,11055.11,56.63,5403,5784
02-06-2024,KALLANAI,Tamil Nadu,Barrage / Diversion Structure,0,0,0,0,100,5894,5894
09-06-2024,METTUR,Tamil Nadu,Storage Reservoir,120,93470,68.02,52980.8,56.68,5364,5849
09-06-2024,BHAVANISAGAR,Tamil Nadu,Storage Reservoir,105,32800,49.35,15415,47,5525,4542
09-06-2024,AMARAVATHI,Tamil Nadu,Storage Reservoir,90,4047,50.64,2277.01,56.26,290,269
09-06-2024,KRISHNA_RAJA_SAGARA,Karnataka,Storage Reservoir,124.8,49452,93.49,37047.2,74.92,7682,6885
09-06-2024,KABINI,Karnataka,Storage Reservoir,84,19520,43.35,10072.97,51.6,2435,2220
09-06-2024,KALLANAI,Tamil Nadu,Barrage / Diversion Structure,0,0,0,0,100,2919,2919
16-06-2024,METTUR,Tamil Nadu,Storage Reservoir,120,93470,80.02,62327.79,66.68,4170,4222
16-06-2024,BHAVANISAGAR,Tamil Nadu,Storage Reservoir,105,32800,47.51,14842.3,45.25,4165,4158
16-06-2024,AMARAVATHI,Tamil Nadu,Storage Reservoir,90,4047,53.57,2408.76,59.52,78,81
16-06-2024,KRISHNA_RAJA_SAGARA,Karnataka,Storage Reservoir,124.8,49452,85.09,33718.49,68.18,9174,7522
16-06-2024,KABINI,Karnataka,Storage Reservoir,84,19520,57.12,13272.71,68,3743,3872
16-06-2024,KALLANAI,Tamil Nadu,Barrage / Diversion Structure,0,0,0,0,100,12686,12686
23-06-2024,METTUR,Tamil Nadu,Storage Reservoir,120,93470,59.05,45996.34,49.21,4457,4395
23-06-2024,BHAVANISAGAR,Tamil Nadu,Storage Reservoir,105,32800,70.63,22063.77,67.27,4840,4155
23-06-2024,AMARAVATHI,Tamil Nadu,Storage Reservoir,90,4047,64.54,2902.2,71.71,205,219
23-06-2024,KRISHNA_RAJA_SAGARA,Karnataka,Storage Reservoir,124.8,49452,84.57,33509.4,67.76,11952,11907
23-06-2024,KABINI,Karnataka,Storage Reservoir,84,19520,60.21,13990.73,71.67,4639,4591
23-06-2024,KALLANAI,Tamil Nadu,Barrage / Diversion Structure,0,0,0,0,100,5265,5265
30-06-2024,METTUR,Tamil Nadu,Storage Reservoir,120,93470,63.75,49659,53.13,3193,2855
30-06-2024,BHAVANISAGAR,Tamil Nadu,Storage Reservoir,105,32800,54.86,17136.37,52.25,4394,4075
30-06-2024,AMARAVATHI,Tamil Nadu,Storage Reservoir,90,4047,65.01,2923.36,72.24,198,169
30-06-2024,KRISHNA_RAJA_SAGARA,Karnataka,Storage Reservoir,124.8,49452,59.04,23395.32,47.31,11084,10140
30-06-2024,KABINI,Karnataka,Storage Reservoir,84,19520,58.51,13596.64,69.65,4241,4405
30-06-2024,KALLANAI,Tamil Nadu,Barrage / Diversion Structure,0,0,0,0,100,6532,6532
07-07-2024,METTUR,Tamil Nadu,Storage Reservoir,120,93470,87.81,68393.92,73.17,3246,2912
07-07-2024,BHAVANISAGAR,Tamil Nadu,Storage Reservoir,105,32800,55.74,17412,53.09,4741,4780
07-07-2024,AMARAVATHI,Tamil Nadu,Storage Reservoir,90,4047,46.41,2086.69,51.56,135,118
07-07-2024,KRISHNA_RAJA_SAGARA,Karnataka,Storage Reservoir,124.8,49452,80.94,32074.11,64.86,13605,14059
07-07-2024,KABINI,Karnataka,Storage Reservoir,84,19520,56.97,13239.55,67.83,2808,2320
07-07-2024,KALLANAI,Tamil Nadu,Barrage / Diversion Structure,0,0,0,0,100,13292,13292
14-07-2024,METTUR,Tamil Nadu,Storage Reservoir,120,93470,55.12,42934.95,45.93,2647,2144
14-07-2024,BHAVANISAGAR,Tamil Nadu,Storage Reservoir,105,32800,74.94,23411.19,71.38,4311,4169
14-07-2024,AMARAVATHI,Tamil Nadu,Storage Reservoir,90,4047,41.55,1868.47,46.17,176,157
14-07-2024,KRISHNA_RAJA_SAGARA,Karnataka,Storage Reservoir,124.8,49452,89.78,35574.57,71.94,12138,10894
14-07-2024,KABINI,Karnataka,Storage Reservoir,84,19520,60.5,14060.03,72.03,5164,5409
14-07-2024,KALLANAI,Tamil Nadu,Barrage / Diversion Structure,0,0,0,0,100,13900,13900
21-07-2024,METTUR,Tamil Nadu,Storage Reservoir,120,93470,56.42,43947.42,47.02,2394,2632
21-07-2024,BHAVANISAGAR,Tamil Nadu,Storage Reservoir,105,32800,57.54,17974.13,54.8,6751,7034
21-07-2024,AMARAVATHI,Tamil Nadu,Storage Reservoir,90,4047,63.67,2862.88,70.74,261,227
21-07-2024,KRISHNA_RAJA_SAGARA,Karnataka,Storage Reservoir,124.8,49452,57.67,22852.03,46.21,7430,6233
21-07-2024,KABINI,Karnataka,Storage Reservoir,84,19520,38.37,8915.33,45.67,2769,2866
21-07-2024,KALLANAI,Tamil Nadu,Barrage / Diversion Structure,0,0,0,0,100,9733,9733
28-07-2024,METTUR,Tamil Nadu,Storage Reservoir,120,93470,62.35,48567.52,51.96,2219,2284
28-07-2024,BHAVANISAGAR,Tamil Nadu,Storage Reservoir,105,32800,66.9,20897.63,63.71,7091,5755
28-07-2024,AMARAVATHI,Tamil Nadu,Storage Reservoir,90,4047,63.1,2837.5,70.11,209,202
28-07-2024,KRISHNA_RAJA_SAGARA,Karnataka,Storage Reservoir,124.8,49452,79.55,31519.92,63.74,11556,11279
28-07-2024,KABINI,Karnataka,Storage Reservoir,84,19520,52.44,12186.05,62.43,4983,5117
28-07-2024,KALLANAI,Tamil Nadu,Barrage / Diversion Structure,0,0,0,0,100,8426,8426
04-08-2024,METTUR,Tamil Nadu,Storage Reservoir,120,93470,86.24,67173.4,71.87,3646,3932
04-08-2024,BHAVANISAGAR,Tamil Nadu,Storage Reservoir,105,32800,97.52,30462.73,92.87,5819,5576
04-08-2024,AMARAVATHI,Tamil Nadu,Storage Reservoir,90,4047,64.21,2887.5,71.35,215,235
04-08-2024,KRISHNA_RAJA_SAGARA,Karnataka,Storage Reservoir,124.8,49452,105.44,41779.65,84.49,13593,13790
04-08-2024,KABINI,Karnataka,Storage Reservoir,84,19520,69.55,16161.53,82.79,2276,2131
04-08-2024,KALLANAI,Tamil Nadu,Barrage / Diversion Structure,0,0,0,0,100,13266,13266
11-08-2024,METTUR,Tamil Nadu,Storage Reservoir,120,93470,111.9,87161.48,93.25,2178,2069
11-08-2024,BHAVANISAGAR,Tamil Nadu,Storage Reservoir,105,32800,90.01,28118.3,85.73,8157,8112
11-08-2024,AMARAVATHI,Tamil Nadu,Storage Reservoir,90,4047,65.93,2964.78,73.26,92,91
11-08-2024,KRISHNA_RAJA_SAGARA,Karnataka,Storage Reservoir,124.8,49452,103.56,41034.81,82.98,6979,7059
11-08-2024,KABINI,Karnataka,Storage Reservoir,84,19520,66.07,15353.49,78.66,4735,4977
11-08-2024,KALLANAI,Tamil Nadu,Barrage / Diversion Structure,0,0,0,0,100,5104,5104
18-08-2024,METTUR,Tamil Nadu,Storage Reservoir,120,93470,99.95,77852.03,83.29,5737,6032
18-08-2024,BHAVANISAGAR,Tamil Nadu,Storage Reservoir,105,32800,93.54,29219.66,89.08,6800,6533
18-08-2024,AMARAVATHI,Tamil Nadu,Storage Reservoir,90,4047,71.69,3223.63,79.65,186,157
18-08-2024,KRISHNA_RAJA_SAGARA,Karnataka,Storage Reservoir,124.8,49452,102.56,40638.77,82.18,5453,5869
18-08-2024,KABINI,Karnataka,Storage Reservoir,84,19520,69.3,16103.17,82.5,3027,2743
18-08-2024,KALLANAI,Tamil Nadu,Barrage / Diversion Structure,0,0,0,0,100,2583,2583
25-08-2024,METTUR,Tamil Nadu,Storage Reservoir,120,93470,81.04,63126.8,67.54,3821,4066
25-08-2024,BHAVANISAGAR,Tamil Nadu,Storage Reservoir,105,32800,96.06,30007.88,91.49,5443,4699
25-08-2024,AMARAVATHI,Tamil Nadu,Storage Reservoir,90,4047,81.8,3678.31,90.89,207,177
25-08-2024,KRISHNA_RAJA_SAGARA,Karnataka,Storage Reservoir,124.8,49452,108.73,43083.96,87.12,5568,5795
25-08-2024,KABINI,Karnataka,Storage Reservoir,84,19520,79.73,18527.83,94.92,1481,1583
25-08-2024,KALLANAI,Tamil Nadu,Barrage / Diversion Structure,0,0,0,0,100,9090,9090
01-09-2024,METTUR,Tamil Nadu,Storage Reservoir,120,93470,108.51,84517.1,90.42,2029,1827
01-09-2024,BHAVANISAGAR,Tamil Nadu,Storage Reservoir,105,32800,70.36,21979.44,67.01,11485,12002
01-09-2024,AMARAVATHI,Tamil Nadu,Storage Reservoir,90,4047,81.52,3665.63,90.58,224,184
01-09-2024,KRISHNA_RAJA_SAGARA,Karnataka,Storage Reservoir,124.8,49452,95.56,37864.37,76.57,6702,5785
01-09-2024,KABINI,Karnataka,Storage Reservoir,84,19520,60.38,14031.17,71.88,4489,3952
01-09-2024,KALLANAI,Tamil Nadu,Barrage / Diversion Structure,0,0,0,0,100,4570,4570
08-09-2024,METTUR,Tamil Nadu,Storage Reservoir,120,93470,113.03,88041.55,94.19,3047,3322
08-09-2024,BHAVANISAGAR,Tamil Nadu,Storage Reservoir,105,32800,82.1,25647.05,78.19,4001,4158
08-09-2024,AMARAVATHI,Tamil Nadu,Storage Reservoir,90,4047,67.31,3026.65,74.79,83,72
08-09-2024,KRISHNA_RAJA_SAGARA,Karnataka,Storage Reservoir,124.8,49452,85.98,34067.67,68.89,5863,5315
08-09-2024,KABINI,Karnataka,Storage Reservoir,84,19520,71.58,16634.91,85.22,1721,1485
08-09-2024,KALLANAI,Tamil Nadu,Barrage / Diversion Structure,0,0,0,0,100,11430,11430
15-09-2024,METTUR,Tamil Nadu,Storage Reservoir,120,93470,109.13,85001.4,90.94,2063,1701
15-09-2024,BHAVANISAGAR,Tamil Nadu,Storage Reservoir,105,32800,83.51,26087.85,79.54,4071,3944
15-09-2024,AMARAVATHI,Tamil Nadu,Storage Reservoir,90,4047,80.2,3606.45,89.11,86,83
15-09-2024,KRISHNA_RAJA_SAGARA,Karnataka,Storage Reservoir,124.8,49452,100.05,39643.33,80.17,4927,4863
15-09-2024,KABINI,Karnataka,Storage Reservoir,84,19520,61.5,14290.44,73.21,2982,2459
15-09-2024,KALLANAI,Tamil Nadu,Barrage / Diversion Structure,0,0,0,0,100,7511,7511
22-09-2024,METTUR,Tamil Nadu,Storage Reservoir,120,93470,80.05,62353.24,66.71,4541,4257
22-09-2024,BHAVANISAGAR,Tamil Nadu,Storage Reservoir,105,32800,91.09,28454.06,86.75,6013,6013
22-09-2024,AMARAVATHI,Tamil Nadu,Storage Reservoir,90,4047,79.48,3573.97,88.31,291,260
22-09-2024,KRISHNA_RAJA_SAGARA,Karnataka,Storage Reservoir,124.8,49452,101.26,40125.69,81.14,11308,12403
22-09-2024,KABINI,Karnataka,Storage Reservoir,84,19520,77.02,17897.03,91.69,2902,2491
22-09-2024,KALLANAI,Tamil Nadu,Barrage / Diversion Structure,0,0,0,0,100,9346,9346
29-09-2024,METTUR,Tamil Nadu,Storage Reservoir,120,93470,95.39,74304.37,79.5,4966,4511
29-09-2024,BHAVANISAGAR,Tamil Nadu,Storage Reservoir,105,32800,95.33,29780.38,90.79,6369,5722
29-09-2024,AMARAVATHI,Tamil Nadu,Storage Reservoir,90,4047,70.76,3181.74,78.62,202,169
29-09-2024,KRISHNA_RAJA_SAGARA,Karnataka,Storage Reservoir,124.8,49452,88.47,35057.8,70.89,15372,13106
29-09-2024,KABINI,Karnataka,Storage Reservoir,84,19520,68.91,16012.61,82.03,4512,4272
29-09-2024,KALLANAI,Tamil Nadu,Barrage / Diversion Structure,0,0,0,0,100,13177,13177
06-10-2024,METTUR,Tamil Nadu,Storage Reservoir,120,93470,91.4,71191.61,76.17,23373,19688
06-10-2024,BHAVANISAGAR,Tamil Nadu,Storage Reservoir,105,32800,86.23,26937.43,82.13,1105,976
06-10-2024,AMARAVATHI,Tamil Nadu,Storage Reservoir,90,4047,64.41,2896.09,71.56,594,622
06-10-2024,KRISHNA_RAJA_SAGARA,Karnataka,Storage Reservoir,124.8,49452,91.82,36382.44,73.57,3471,3786
06-10-2024,KABINI,Karnataka,Storage Reservoir,84,19520,69,16033.3,82.14,617,562
06-10-2024,KALLANAI,Tamil Nadu,Barrage / Diversion Structure,0,0,0,0,100,16357,16357
13-10-2024,METTUR,Tamil Nadu,Storage Reservoir,120,93470,98.04,76368.31,81.7,21210,22032
13-10-2024,BHAVANISAGAR,Tamil Nadu,Storage Reservoir,105,32800,73.77,23043.21,70.25,2103,1821
13-10-2024,AMARAVATHI,Tamil Nadu,Storage Reservoir,90,4047,64.39,2895.48,71.55,938,820
13-10-2024,KRISHNA_RAJA_SAGARA,Karnataka,Storage Reservoir,124.8,49452,90.98,36049.23,72.9,1354,1436
13-10-2024,KABINI,Karnataka,Storage Reservoir,84,19520,74.57,17329.44,88.78,1203,1233
13-10-2024,KALLANAI,Tamil Nadu,Barrage / Diversion Structure,0,0,0,0,100,4441,4441
20-10-2024,METTUR,Tamil Nadu,Storage Reservoir,120,93470,81.38,63385.09,67.81,17985,19355
20-10-2024,BHAVANISAGAR,Tamil Nadu,Storage Reservoir,105,32800,69.51,21714.18,66.2,1514,1305
20-10-2024,AMARAVATHI,Tamil Nadu,Storage Reservoir,90,4047,64.93,2919.68,72.14,1112,1045
20-10-2024,KRISHNA_RAJA_SAGARA,Karnataka,Storage Reservoir,124.8,49452,98.58,39061.63,78.99,3636,3077
20-10-2024,KABINI,Karnataka,Storage Reservoir,84,19520,66.88,15541.43,79.62,1058,1035
20-10-2024,KALLANAI,Tamil Nadu,Barrage / Diversion Structure,0,0,0,0,100,19001,19001
27-10-2024,METTUR,Tamil Nadu,Storage Reservoir,120,93470,107.79,83960.92,89.83,12524,10133
27-10-2024,BHAVANISAGAR,Tamil Nadu,Storage Reservoir,105,32800,74.69,23331.77,71.13,1951,1859
27-10-2024,AMARAVATHI,Tamil Nadu,Storage Reservoir,90,4047,75.11,3377.38,83.45,1140,1086
27-10-2024,KRISHNA_RAJA_SAGARA,Karnataka,Storage Reservoir,124.8,49452,99.89,39580.52,80.04,1925,1560
27-10-2024,KABINI,Karnataka,Storage Reservoir,84,19520,68.49,15915.59,81.53,1296,1363
27-10-2024,KALLANAI,Tamil Nadu,Barrage / Diversion Structure,0,0,0,0,100,5531,5531
03-11-2024,METTUR,Tamil Nadu,Storage Reservoir,120,93470,86.55,67414.64,72.12,10526,10708
03-11-2024,BHAVANISAGAR,Tamil Nadu,Storage Reservoir,105,32800,71.77,22418.08,68.35,1490,1317
03-11-2024,AMARAVATHI,Tamil Nadu,Storage Reservoir,90,4047,63.18,2841.19,70.2,729,758
03-11-2024,KRISHNA_RAJA_SAGARA,Karnataka,Storage Reservoir,124.8,49452,95.8,37960.74,76.76,2535,2123
03-11-2024,KABINI,Karnataka,Storage Reservoir,84,19520,74.07,17213.35,88.18,589,590
03-11-2024,KALLANAI,Tamil Nadu,Barrage / Diversion Structure,0,0,0,0,100,11502,11502
10-11-2024,METTUR,Tamil Nadu,Storage Reservoir,120,93470,80.38,62610.84,66.98,9643,10106
10-11-2024,BHAVANISAGAR,Tamil Nadu,Storage Reservoir,105,32800,84.78,26483.4,80.74,3227,2808
10-11-2024,AMARAVATHI,Tamil Nadu,Storage Reservoir,90,4047,67.82,3049.52,75.35,426,463
10-11-2024,KRISHNA_RAJA_SAGARA,Karnataka,Storage Reservoir,124.8,49452,106.12,42052.02,85.04,5469,4810
10-11-2024,KABINI,Karnataka,Storage Reservoir,84,19520,70.01,16268.73,83.34,1775,1589
10-11-2024,KALLANAI,Tamil Nadu,Barrage / Diversion Structure,0,0,0,0,100,17968,17968
17-11-2024,METTUR,Tamil Nadu,Storage Reservoir,120,93470,104.61,81479.68,87.17,18057,15971
17-11-2024,BHAVANISAGAR,Tamil Nadu,Storage Reservoir,105,32800,98.6,30799.47,93.9,1303,1322
17-11-2024,AMARAVATHI,Tamil Nadu,Storage Reservoir,90,4047,77.57,3488,86.19,1129,1238
17-11-2024,KRISHNA_RAJA_SAGARA,Karnataka,Storage Reservoir,124.8,49452,92.8,36770.72,74.36,3235,2664
17-11-2024,KABINI,Karnataka,Storage Reservoir,84,19520,65.76,15281.03,78.28,1157,1044
17-11-2024,KALLANAI,Tamil Nadu,Barrage / Diversion Structure,0,0,0,0,100,20968,20968
24-11-2024,METTUR,Tamil Nadu,Storage Reservoir,120,93470,91.41,71201.02,76.18,23845,19518
24-11-2024,BHAVANISAGAR,Tamil Nadu,Storage Reservoir,105,32800,71.16,22228.83,67.77,1683,1646
24-11-2024,AMARAVATHI,Tamil Nadu,Storage Reservoir,90,4047,62.56,2813.24,69.51,1060,990
24-11-2024,KRISHNA_RAJA_SAGARA,Karnataka,Storage Reservoir,124.8,49452,99.9,39584.12,80.05,2858,2690
24-11-2024,KABINI,Karnataka,Storage Reservoir,84,19520,71.28,16564.17,84.86,1890,1939
24-11-2024,KALLANAI,Tamil Nadu,Barrage / Diversion Structure,0,0,0,0,100,12175,12175
01-12-2024,METTUR,Tamil Nadu,Storage Reservoir,120,93470,81.25,63289.89,67.71,12554,10069
01-12-2024,BHAVANISAGAR,Tamil Nadu,Storage Reservoir,105,32800,53.94,16850.48,51.37,2907,2684
01-12-2024,AMARAVATHI,Tamil Nadu,Storage Reservoir,90,4047,51.36,2309.71,57.07,1354,1446
01-12-2024,KRISHNA_RAJA_SAGARA,Karnataka,Storage Reservoir,124.8,49452,90.2,35741.56,72.28,3065,3087
01-12-2024,KABINI,Karnataka,Storage Reservoir,84,19520,44.65,10374.68,53.15,1026,877
01-12-2024,KALLANAI,Tamil Nadu,Barrage / Diversion Structure,0,0,0,0,100,10248,10248
08-12-2024,METTUR,Tamil Nadu,Storage Reservoir,120,93470,58.32,45423.37,48.6,28060,26921
08-12-2024,BHAVANISAGAR,Tamil Nadu,Storage Reservoir,105,32800,56.32,17593.38,53.64,1862,1657
08-12-2024,AMARAVATHI,Tamil Nadu,Storage Reservoir,90,4047,56.59,2544.85,62.88,918,779
08-12-2024,KRISHNA_RAJA_SAGARA,Karnataka,Storage Reservoir,124.8,49452,60.52,23982.98,48.5,2960,3169
08-12-2024,KABINI,Karnataka,Storage Reservoir,84,19520,46.47,10798.22,55.32,1376,1372
08-12-2024,KALLANAI,Tamil Nadu,Barrage / Diversion Structure,0,0,0,0,100,21186,21186
15-12-2024,METTUR,Tamil Nadu,Storage Reservoir,120,93470,77.65,60485.29,64.71,28319,26049
15-12-2024,BHAVANISAGAR,Tamil Nadu,Storage Reservoir,105,32800,57.54,17975.66,54.8,1220,1278
15-12-2024,AMARAVATHI,Tamil Nadu,Storage Reservoir,90,4047,62.13,2793.62,69.03,530,515
15-12-2024,KRISHNA_RAJA_SAGARA,Karnataka,Storage Reservoir,124.8,49452,73.53,29136.85,58.92,2228,2437
15-12-2024,KABINI,Karnataka,Storage Reservoir,84,19520,43.21,10041.26,51.44,806,788
15-12-2024,KALLANAI,Tamil Nadu,Barrage / Diversion Structure,0,0,0,0,100,16798,16798
22-12-2024,METTUR,Tamil Nadu,Storage Reservoir,120,93470,73.16,56987.5,60.97,12736,10847
22-12-2024,BHAVANISAGAR,Tamil Nadu,Storage Reservoir,105,32800,65.14,20348.87,62.04,1078,1165
22-12-2024,AMARAVATHI,Tamil Nadu,Storage Reservoir,90,4047,62.61,2815.18,69.56,1356,1190
22-12-2024,KRISHNA_RAJA_SAGARA,Karnataka,Storage Reservoir,124.8,49452,92.47,36639.83,74.09,1901,1718
22-12-2024,KABINI,Karnataka,Storage Reservoir,84,19520,39.07,9078.85,46.51,445,448
22-12-2024,KALLANAI,Tamil Nadu,Barrage / Diversion Structure,0,0,0,0,100,10624,10624
29-12-2024,METTUR,Tamil Nadu,Storage Reservoir,120,93470,63.1,49151.89,52.59,22300,20243
29-12-2024,BHAVANISAGAR,Tamil Nadu,Storage Reservoir,105,32800,73.19,22863.75,69.71,2125,2004
29-12-2024,AMARAVATHI,Tamil Nadu,Storage Reservoir,90,4047,49.97,2247.08,55.52,772,804
29-12-2024,KRISHNA_RAJA_SAGARA,Karnataka,Storage Reservoir,124.8,49452,68.45,27122.14,54.85,1720,1419
29-12-2024,KABINI,Karnataka,Storage Reservoir,84,19520,49.56,11516.95,59,940,989
29-12-2024,KALLANAI,Tamil Nadu,Barrage / Diversion Structure,0,0,0,0,100,6593,6593
05-01-2025,METTUR,Tamil Nadu,Storage Reservoir,120,93470,83.65,65156.73,69.71,2163,2028
05-01-2025,BHAVANISAGAR,Tamil Nadu,Storage Reservoir,105,32800,56.8,17744.33,54.1,827,691
05-01-2025,AMARAVATHI,Tamil Nadu,Storage Reservoir,90,4047,65.71,2954.82,73.01,125,119
05-01-2025,KRISHNA_RAJA_SAGARA,Karnataka,Storage Reservoir,124.8,49452,57.38,22737.92,45.98,850,783
05-01-2025,KABINI,Karnataka,Storage Reservoir,84,19520,41.86,9728.1,49.84,397,433
05-01-2025,KALLANAI,Tamil Nadu,Barrage / Diversion Structure,0,0,0,0,100,2037,2037
12-01-2025,METTUR,Tamil Nadu,Storage Reservoir,120,93470,69.04,53773.3,57.53,654,643
12-01-2025,BHAVANISAGAR,Tamil Nadu,Storage Reservoir,105,32800,76.81,23994.66,73.15,925,761
12-01-2025,AMARAVATHI,Tamil Nadu,Storage Reservoir,90,4047,50.08,2251.75,55.64,48,44
12-01-2025,KRISHNA_RAJA_SAGARA,Karnataka,Storage Reservoir,124.8,49452,87.37,34621.01,70.01,1579,1553
12-01-2025,KABINI,Karnataka,Storage Reservoir,84,19520,47.21,10970.97,56.2,358,297
12-01-2025,KALLANAI,Tamil Nadu,Barrage / Diversion Structure,0,0,0,0,100,1179,1179
19-01-2025,METTUR,Tamil Nadu,Storage Reservoir,120,93470,77.69,60516.96,64.74,1253,1150
19-01-2025,BHAVANISAGAR,Tamil Nadu,Storage Reservoir,105,32800,52.98,16548.7,50.45,393,411
19-01-2025,AMARAVATHI,Tamil Nadu,Storage Reservoir,90,4047,41.63,1872.04,46.26,87,73
19-01-2025,KRISHNA_RAJA_SAGARA,Karnataka,Storage Reservoir,124.8,49452,89.08,35298.79,71.38,954,829
19-01-2025,KABINI,Karnataka,Storage Reservoir,84,19520,50.46,11726.21,60.07,439,477
19-01-2025,KALLANAI,Tamil Nadu,Barrage / Diversion Structure,0,0,0,0,100,1016,1016
26-01-2025,METTUR,Tamil Nadu,Storage Reservoir,120,93470,86.99,67758.85,72.49,3044,3010
26-01-2025,BHAVANISAGAR,Tamil Nadu,Storage Reservoir,105,32800,59.95,18727.59,57.1,1138,1091
26-01-2025,AMARAVATHI,Tamil Nadu,Storage Reservoir,90,4047,58.79,2643.63,65.32,107,109
26-01-2025,KRISHNA_RAJA_SAGARA,Karnataka,Storage Reservoir,124.8,49452,87.03,34484.93,69.73,886,930
26-01-2025,KABINI,Karnataka,Storage Reservoir,84,19520,51.42,11947.98,61.21,727,675
26-01-2025,KALLANAI,Tamil Nadu,Barrage / Diversion Structure,0,0,0,0,100,1953,1953
02-02-2025,METTUR,Tamil Nadu,Storage Reservoir,120,93470,84.39,65734.06,70.33,1381,1317
02-02-2025,BHAVANISAGAR,Tamil Nadu,Storage Reservoir,105,32800,56.97,17795.33,54.25,996,893
02-02-2025,AMARAVATHI,Tamil Nadu,Storage Reservoir,90,4047,41.56,1868.83,46.18,46,36
02-02-2025,KRISHNA_RAJA_SAGARA,Karnataka,Storage Reservoir,124.8,49452,92.79,36767.88,74.35,2051,1883
02-02-2025,KABINI,Karnataka,Storage Reservoir,84,19520,56.15,13049.34,66.85,467,467
02-02-2025,KALLANAI,Tamil Nadu,Barrage / Diversion Structure,0,0,0,0,100,957,957
09-02-2025,METTUR,Tamil Nadu,Storage Reservoir,120,93470,63.57,49518.4,52.98,3575,2887
09-02-2025,BHAVANISAGAR,Tamil Nadu,Storage Reservoir,105,32800,66.26,20698.72,63.11,684,688
09-02-2025,AMARAVATHI,Tamil Nadu,Storage Reservoir,90,4047,43.75,1967.31,48.61,149,127
09-02-2025,KRISHNA_RAJA_SAGARA,Karnataka,Storage Reservoir,124.8,49452,79.48,31492.32,63.68,643,573
09-02-2025,KABINI,Karnataka,Storage Reservoir,84,19520,51.57,11984.06,61.39,322,273
09-02-2025,KALLANAI,Tamil Nadu,Barrage / Diversion Structure,0,0,0,0,100,534,534
16-02-2025,METTUR,Tamil Nadu,Storage Reservoir,120,93470,57.03,44420.52,47.52,2333,1936
16-02-2025,BHAVANISAGAR,Tamil Nadu,Storage Reservoir,105,32800,47.77,14923.27,45.5,958,939
16-02-2025,AMARAVATHI,Tamil Nadu,Storage Reservoir,90,4047,44.9,2019.07,49.89,83,66
16-02-2025,KRISHNA_RAJA_SAGARA,Karnataka,Storage Reservoir,124.8,49452,87.42,34640.34,70.05,1833,1540
16-02-2025,KABINI,Karnataka,Storage Reservoir,84,19520,43.63,10139.52,51.94,671,723
16-02-2025,KALLANAI,Tamil Nadu,Barrage / Diversion Structure,0,0,0,0,100,240,240
23-02-2025,METTUR,Tamil Nadu,Storage Reservoir,120,93470,68.14,53078.67,56.79,1061,1034
23-02-2025,BHAVANISAGAR,Tamil Nadu,Storage Reservoir,105,32800,47.61,14871.22,45.34,455,405
23-02-2025,AMARAVATHI,Tamil Nadu,Storage Reservoir,90,4047,41.59,1870.03,46.21,94,86
23-02-2025,KRISHNA_RAJA_SAGARA,Karnataka,Storage Reservoir,124.8,49452,92.62,36700.31,74.21,557,491
23-02-2025,KABINI,Karnataka,Storage Reservoir,84,19520,55.68,12938.47,66.28,162,173
23-02-2025,KALLANAI,Tamil Nadu,Barrage / Diversion Structure,0,0,0,0,100,639,639
02-03-2025,METTUR,Tamil Nadu,Storage Reservoir,120,93470,59.97,46707.81,49.97,2260,1960
02-03-2025,BHAVANISAGAR,Tamil Nadu,Storage Reservoir,105,32800,33.37,10424.62,31.78,475,512
02-03-2025,AMARAVATHI,Tamil Nadu,Storage Reservoir,90,4047,25.07,1127.53,27.86,71,63
02-03-2025,KRISHNA_RAJA_SAGARA,Karnataka,Storage Reservoir,124.8,49452,63.8,25280.19,51.12,317,273
02-03-2025,KABINI,Karnataka,Storage Reservoir,84,19520,39.96,9286.45,47.57,118,111
02-03-2025,KALLANAI,Tamil Nadu,Barrage / Diversion Structure,0,0,0,0,100,467,467
09-03-2025,METTUR,Tamil Nadu,Storage Reservoir,120,93470,35.81,27892.4,29.84,2063,2148
09-03-2025,BHAVANISAGAR,Tamil Nadu,Storage Reservoir,105,32800,50.2,15679.98,47.8,383,323
09-03-2025,AMARAVATHI,Tamil Nadu,Storage Reservoir,90,4047,29.74,1337.34,33.05,71,65
09-03-2025,KRISHNA_RAJA_SAGARA,Karnataka,Storage Reservoir,124.8,49452,56.65,22446.72,45.39,492,398
09-03-2025,KABINI,Karnataka,Storage Reservoir,84,19520,30.88,7175.03,36.76,418,358
09-03-2025,KALLANAI,Tamil Nadu,Barrage / Diversion Structure,0,0,0,0,100,407,407
16-03-2025,METTUR,Tamil Nadu,Storage Reservoir,120,93470,40.7,31703.73,33.92,1904,1758
16-03-2025,BHAVANISAGAR,Tamil Nadu,Storage Reservoir,105,32800,33.83,10566.83,32.22,1066,1116
16-03-2025,AMARAVATHI,Tamil Nadu,Storage Reservoir,90,4047,40.67,1828.95,45.19,149,136
16-03-2025,KRISHNA_RAJA_SAGARA,Karnataka,Storage Reservoir,124.8,49452,37.05,14682.06,29.69,1697,1541
16-03-2025,KABINI,Karnataka,Storage Reservoir,84,19520,37.92,8810.96,45.14,417,343
16-03-2025,KALLANAI,Tamil Nadu,Barrage / Diversion Structure,0,0,0,0,100,324,324
23-03-2025,METTUR,Tamil Nadu,Storage Reservoir,120,93470,58.58,45626.95,48.81,3201,3115
23-03-2025,BHAVANISAGAR,Tamil Nadu,Storage Reservoir,105,32800,53.53,16722.44,50.98,770,724
23-03-2025,AMARAVATHI,Tamil Nadu,Storage Reservoir,90,4047,39.22,1763.75,43.58,108,100
23-03-2025,KRISHNA_RAJA_SAGARA,Karnataka,Storage Reservoir,124.8,49452,43.57,17262.97,34.91,1566,1652
23-03-2025,KABINI,Karnataka,Storage Reservoir,84,19520,26.08,6060.15,31.05,833,838
23-03-2025,KALLANAI,Tamil Nadu,Barrage / Diversion Structure,0,0,0,0,100,644,644
30-03-2025,METTUR,Tamil Nadu,Storage Reservoir,120,93470,59.46,46315.71,49.55,521,555
30-03-2025,BHAVANISAGAR,Tamil Nadu,Storage Reservoir,105,32800,57.5,17960.91,54.76,666,574
30-03-2025,AMARAVATHI,Tamil Nadu,Storage Reservoir,90,4047,43.16,1940.98,47.96,31,32
30-03-2025,KRISHNA_RAJA_SAGARA,Karnataka,Storage Reservoir,124.8,49452,35.05,13888.73,28.09,792,866
30-03-2025,KABINI,Karnataka,Storage Reservoir,84,19520,37.98,8826,45.22,672,602
30-03-2025,KALLANAI,Tamil Nadu,Barrage / Diversion Structure,0,0,0,0,100,675,675
06-04-2025,METTUR,Tamil Nadu,Storage Reservoir,120,93470,50.71,39501.15,42.26,2053,1812
06-04-2025,BHAVANISAGAR,Tamil Nadu,Storage Reservoir,105,32800,50.46,15762.84,48.06,525,529
06-04-2025,AMARAVATHI,Tamil Nadu,Storage Reservoir,90,4047,28.8,1295.04,32,107,109
06-04-2025,KRISHNA_RAJA_SAGARA,Karnataka,Storage Reservoir,124.8,49452,39.39,15607.75,31.56,610,511
06-04-2025,KABINI,Karnataka,Storage Reservoir,84,19520,36.27,8428.72,43.18,581,472
06-04-2025,KALLANAI,Tamil Nadu,Barrage / Diversion Structure,0,0,0,0,100,473,473
13-04-2025,METTUR,Tamil Nadu,Storage Reservoir,120,93470,41.95,32676.31,34.96,2578,2072
13-04-2025,BHAVANISAGAR,Tamil Nadu,Storage Reservoir,105,32800,28.82,9002.93,27.45,486,392
13-04-2025,AMARAVATHI,Tamil Nadu,Storage Reservoir,90,4047,39.55,1778.3,43.94,107,103
13-04-2025,KRISHNA_RAJA_SAGARA,Karnataka,Storage Reservoir,124.8,49452,37.74,14954,30.24,770,769
13-04-2025,KABINI,Karnataka,Storage Reservoir,84,19520,45.33,10532.81,53.96,210,224
13-04-2025,KALLANAI,Tamil Nadu,Barrage / Diversion Structure,0,0,0,0,100,651,651
20-04-2025,METTUR,Tamil Nadu,Storage Reservoir,120,93470,33.24,25887.74,27.7,1171,1056
20-04-2025,BHAVANISAGAR,Tamil Nadu,Storage Reservoir,105,32800,55.14,17225.92,52.52,594,500
20-04-2025,AMARAVATHI,Tamil Nadu,Storage Reservoir,90,4047,41.8,1879.49,46.44,36,34
20-04-2025,KRISHNA_RAJA_SAGARA,Karnataka,Storage Reservoir,124.8,49452,57.33,22715.77,45.93,1385,1437
20-04-2025,KABINI,Karnataka,Storage Reservoir,84,19520,38.04,8840.77,45.29,460,498
20-04-2025,KALLANAI,Tamil Nadu,Barrage / Diversion Structure,0,0,0,0,100,200,200
27-04-2025,METTUR,Tamil Nadu,Storage Reservoir,120,93470,53.83,41926,44.86,1521,1487
27-04-2025,BHAVANISAGAR,Tamil Nadu,Storage Reservoir,105,32800,26.76,8359.84,25.49,622,557
27-04-2025,AMARAVATHI,Tamil Nadu,Storage Reservoir,90,4047,40.46,1819.19,44.95,61,55
27-04-2025,KRISHNA_RAJA_SAGARA,Karnataka,Storage Reservoir,124.8,49452,36.24,14359.52,29.04,453,475
27-04-2025,KABINI,Karnataka,Storage Reservoir,84,19520,44.14,10258.14,52.55,346,287
27-04-2025,KALLANAI,Tamil Nadu,Barrage / Diversion Structure,0,0,0,0,100,783,783
04-05-2025,METTUR,Tamil Nadu,Storage Reservoir,120,93470,30,23368.36,25,1400,1269
04-05-2025,BHAVANISAGAR,Tamil Nadu,Storage Reservoir,105,32800,34.27,10704.1,32.63,430,413
04-05-2025,AMARAVATHI,Tamil Nadu,Storage Reservoir,90,4047,45.48,2045.13,50.53,72,69
04-05-2025,KRISHNA_RAJA_SAGARA,Karnataka,Storage Reservoir,124.8,49452,50.46,19995.34,40.43,740,713
04-05-2025,KABINI,Karnataka,Storage Reservoir,84,19520,30.58,7105.16,36.4,553,506
04-05-2025,KALLANAI,Tamil Nadu,Barrage / Diversion Structure,0,0,0,0,100,275,275
11-05-2025,METTUR,Tamil Nadu,Storage Reservoir,120,93470,36.37,28327.87,30.31,1658,1547
11-05-2025,BHAVANISAGAR,Tamil Nadu,Storage Reservoir,105,32800,43,13433.62,40.96,734,806
11-05-2025,AMARAVATHI,Tamil Nadu,Storage Reservoir,90,4047,38.23,1719.22,42.48,63,56
11-05-2025,KRISHNA_RAJA_SAGARA,Karnataka,Storage Reservoir,124.8,49452,42.65,16898.9,34.17,727,728
11-05-2025,KABINI,Karnataka,Storage Reservoir,84,19520,38.19,8874.91,45.47,259,217
11-05-2025,KALLANAI,Tamil Nadu,Barrage / Diversion Structure,0,0,0,0,100,302,302
18-05-2025,METTUR,Tamil Nadu,Storage Reservoir,120,93470,55.22,43013.35,46.02,2796,2968
18-05-2025,BHAVANISAGAR,Tamil Nadu,Storage Reservoir,105,32800,42,13119.6,40,870,857
18-05-2025,AMARAVATHI,Tamil Nadu,Storage Reservoir,90,4047,27.54,1238.35,30.6,50,44
18-05-2025,KRISHNA_RAJA_SAGARA,Karnataka,Storage Reservoir,124.8,49452,47.79,18935.67,38.29,1191,1256
18-05-2025,KABINI,Karnataka,Storage Reservoir,84,19520,25.95,6029.21,30.89,263,286
18-05-2025,KALLANAI,Tamil Nadu,Barrage / Diversion Structure,0,0,0,0,100,582,582
25-05-2025,METTUR,Tamil Nadu,Storage Reservoir,120,93470,33.1,25779.93,27.58,1084,901
25-05-2025,BHAVANISAGAR,Tamil Nadu,Storage Reservoir,105,32800,44.7,13962.18,42.57,743,646
25-05-2025,AMARAVATHI,Tamil Nadu,Storage Reservoir,90,4047,39.72,1786.07,44.13,111,90
25-05-2025,KRISHNA_RAJA_SAGARA,Karnataka,Storage Reservoir,124.8,49452,49.85,19753.06,39.94,1276,1117
25-05-2025,KABINI,Karnataka,Storage Reservoir,84,19520,28.76,6682.31,34.23,471,503
25-05-2025,KALLANAI,Tamil Nadu,Barrage / Diversion Structure,0,0,0,0,100,666,666
01-06-2025,METTUR,Tamil Nadu,Storage Reservoir,120,93470,77.07,60034.81,64.23,3124,2677
01-06-2025,BHAVANISAGAR,Tamil Nadu,Storage Reservoir,105,32800,69.35,21665.1,66.05,7381,6698
01-06-2025,AMARAVATHI,Tamil Nadu,Storage Reservoir,90,4047,65.11,2927.61,72.34,72,64
01-06-2025,KRISHNA_RAJA_SAGARA,Karnataka,Storage Reservoir,124.8,49452,58.29,23097.27,46.71,13342,13483
01-06-2025,KABINI,Karnataka,Storage Reservoir,84,19520,46.15,10724.4,54.94,4888,4491
01-06-2025,KALLANAI,Tamil Nadu,Barrage / Diversion Structure,0,0,0,0,100,14648,14648
08-06-2025,METTUR,Tamil Nadu,Storage Reservoir,120,93470,87.65,68272.26,73.04,2561,2141
08-06-2025,BHAVANISAGAR,Tamil Nadu,Storage Reservoir,105,32800,65.66,20511.9,62.54,8936,8161
08-06-2025,AMARAVATHI,Tamil Nadu,Storage Reservoir,90,4047,42.17,1896.47,46.86,123,117
08-06-2025,KRISHNA_RAJA_SAGARA,Karnataka,Storage Reservoir,124.8,49452,62.22,24655.62,49.86,10618,11672
08-06-2025,KABINI,Karnataka,Storage Reservoir,84,19520,49.18,11429.39,58.55,3093,2846
08-06-2025,KALLANAI,Tamil Nadu,Barrage / Diversion Structure,0,0,0,0,100,3879,3879
15-06-2025,METTUR,Tamil Nadu,Storage Reservoir,120,93470,67.94,52921.06,56.62,3966,3698
15-06-2025,BHAVANISAGAR,Tamil Nadu,Storage Reservoir,105,32800,67.67,21138.62,64.45,4204,4389
15-06-2025,AMARAVATHI,Tamil Nadu,Storage Reservoir,90,4047,65.89,2963.02,73.22,170,184
15-06-2025,KRISHNA_RAJA_SAGARA,Karnataka,Storage Reservoir,124.8,49452,61.83,24499.99,49.54,11036,10821
15-06-2025,KABINI,Karnataka,Storage Reservoir,84,19520,52.46,12190.65,62.45,4017,3621
15-06-2025,KALLANAI,Tamil Nadu,Barrage / Diversion Structure,0,0,0,0,100,4833,4833
22-06-2025,METTUR,Tamil Nadu,Storage Reservoir,120,93470,80.44,62653.85,67.03,1756,1435
22-06-2025,BHAVANISAGAR,Tamil Nadu,Storage Reservoir,105,32800,64.65,20195.28,61.57,6436,6832
22-06-2025,AMARAVATHI,Tamil Nadu,Storage Reservoir,90,4047,56.08,2521.66,62.31,90,93
22-06-2025,KRISHNA_RAJA_SAGARA,Karnataka,Storage Reservoir,124.8,49452,76.39,30268.76,61.21,5132,4976
22-06-2025,KABINI,Karnataka,Storage Reservoir,84,19520,60.68,14101.36,72.24,3134,2785
22-06-2025,KALLANAI,Tamil Nadu,Barrage / Diversion Structure,0,0,0,0,100,3974,3974
29-06-2025,METTUR,Tamil Nadu,Storage Reservoir,120,93470,75.44,58764.96,62.87,2024,2189
29-06-2025,BHAVANISAGAR,Tamil Nadu,Storage Reservoir,105,32800,71.04,22190.51,67.65,5529,5797
29-06-2025,AMARAVATHI,Tamil Nadu,Storage Reservoir,90,4047,42.67,1918.5,47.41,147,145
29-06-2025,KRISHNA_RAJA_SAGARA,Karnataka,Storage Reservoir,124.8,49452,87.18,34546.96,69.86,9847,8696
29-06-2025,KABINI,Karnataka,Storage Reservoir,84,19520,61.51,14293.79,73.23,1890,2008
29-06-2025,KALLANAI,Tamil Nadu,Barrage / Diversion Structure,0,0,0,0,100,14070,14070
06-07-2025,METTUR,Tamil Nadu,Storage Reservoir,120,93470,55.45,43191.15,46.21,4136,3949
06-07-2025,BHAVANISAGAR,Tamil Nadu,Storage Reservoir,105,32800,65.54,20473.55,62.42,7428,7440
06-07-2025,AMARAVATHI,Tamil Nadu,Storage Reservoir,90,4047,53.49,2405.47,59.44,259,281
06-07-2025,KRISHNA_RAJA_SAGARA,Karnataka,Storage Reservoir,124.8,49452,56.99,22580.76,45.66,11562,9548
06-07-2025,KABINI,Karnataka,Storage Reservoir,84,19520,58.32,13553.05,69.43,2402,2016
06-07-2025,KALLANAI,Tamil Nadu,Barrage / Diversion Structure,0,0,0,0,100,7972,7972
13-07-2025,METTUR,Tamil Nadu,Storage Reservoir,120,93470,55.96,43591.57,46.64,3621,3877
13-07-2025,BHAVANISAGAR,Tamil Nadu,Storage Reservoir,105,32800,59.32,18530.84,56.5,4802,4479
13-07-2025,AMARAVATHI,Tamil Nadu,Storage Reservoir,90,4047,41.81,1879.87,46.45,188,197
13-07-2025,KRISHNA_RAJA_SAGARA,Karnataka,Storage Reservoir,124.8,49452,78.17,30976.74,62.64,8622,8966
13-07-2025,KABINI,Karnataka,Storage Reservoir,84,19520,51.78,12032.25,61.64,5290,5234
13-07-2025,KALLANAI,Tamil Nadu,Barrage / Diversion Structure,0,0,0,0,100,14614,14614
20-07-2025,METTUR,Tamil Nadu,Storage Reservoir,120,93470,88.49,68923.26,73.74,3558,3492
20-07-2025,BHAVANISAGAR,Tamil Nadu,Storage Reservoir,105,32800,54.2,16929.6,51.61,7378,7167
20-07-2025,AMARAVATHI,Tamil Nadu,Storage Reservoir,90,4047,45.49,2045.56,50.55,82,80
20-07-2025,KRISHNA_RAJA_SAGARA,Karnataka,Storage Reservoir,124.8,49452,84.75,33583.23,67.91,10114,8779
20-07-2025,KABINI,Karnataka,Storage Reservoir,84,19520,54.6,12687.15,65,2263,2110
20-07-2025,KALLANAI,Tamil Nadu,Barrage / Diversion Structure,0,0,0,0,100,4874,4874
27-07-2025,METTUR,Tamil Nadu,Storage Reservoir,120,93470,67.92,52905.15,56.6,1447,1330
27-07-2025,BHAVANISAGAR,Tamil Nadu,Storage Reservoir,105,32800,63.37,19795.2,60.35,5110,4674
27-07-2025,AMARAVATHI,Tamil Nadu,Storage Reservoir,90,4047,63.16,2839.96,70.17,73,69
27-07-2025,KRISHNA_RAJA_SAGARA,Karnataka,Storage Reservoir,124.8,49452,58.48,23173.82,46.86,4475,4350
27-07-2025,KABINI,Karnataka,Storage Reservoir,84,19520,52.06,12098.6,61.98,4262,4122
27-07-2025,KALLANAI,Tamil Nadu,Barrage / Diversion Structure,0,0,0,0,100,13502,13502
03-08-2025,METTUR,Tamil Nadu,Storage Reservoir,120,93470,79.59,61991.15,66.32,1532,1474
03-08-2025,BHAVANISAGAR,Tamil Nadu,Storage Reservoir,105,32800,88.59,27672.43,84.37,2592,2809
03-08-2025,AMARAVATHI,Tamil Nadu,Storage Reservoir,90,4047,81.24,3653.02,90.26,77,63
03-08-2025,KRISHNA_RAJA_SAGARA,Karnataka,Storage Reservoir,124.8,49452,87.48,34664.18,70.1,4491,3758
03-08-2025,KABINI,Karnataka,Storage Reservoir,84,19520,67.67,15724.7,80.56,2109,1913
03-08-2025,KALLANAI,Tamil Nadu,Barrage / Diversion Structure,0,0,0,0,100,12544,12544
10-08-2025,METTUR,Tamil Nadu,Storage Reservoir,120,93470,83.13,64752.93,69.28,4778,4617
10-08-2025,BHAVANISAGAR,Tamil Nadu,Storage Reservoir,105,32800,70.67,22075.3,67.3,3446,3449
10-08-2025,AMARAVATHI,Tamil Nadu,Storage Reservoir,90,4047,75.83,3409.78,84.25,213,201
10-08-2025,KRISHNA_RAJA_SAGARA,Karnataka,Storage Reservoir,124.8,49452,96.67,38307.15,77.46,5401,4864
10-08-2025,KABINI,Karnataka,Storage Reservoir,84,19520,59.06,13724.99,70.31,2434,2645
10-08-2025,KALLANAI,Tamil Nadu,Barrage / Diversion Structure,0,0,0,0,100,13042,13042
17-08-2025,METTUR,Tamil Nadu,Storage Reservoir,120,93470,92.15,71779.74,76.79,2246,1862
17-08-2025,BHAVANISAGAR,Tamil Nadu,Storage Reservoir,105,32800,73.89,23081.67,70.37,9059,9088
17-08-2025,AMARAVATHI,Tamil Nadu,Storage Reservoir,90,4047,73.27,3294.58,81.41,128,137
17-08-2025,KRISHNA_RAJA_SAGARA,Karnataka,Storage Reservoir,124.8,49452,83.84,33222.87,67.18,8217,7436
17-08-2025,KABINI,Karnataka,Storage Reservoir,84,19520,74.32,17269.89,88.47,6201,5408
17-08-2025,KALLANAI,Tamil Nadu,Barrage / Diversion Structure,0,0,0,0,100,16405,16405
24-08-2025,METTUR,Tamil Nadu,Storage Reservoir,120,93470,92.38,71953.18,76.98,2464,2694
24-08-2025,BHAVANISAGAR,Tamil Nadu,Storage Reservoir,105,32800,73.95,23099.98,70.43,9505,8556
24-08-2025,AMARAVATHI,Tamil Nadu,Storage Reservoir,90,4047,78.23,3517.9,86.93,107,104
24-08-2025,KRISHNA_RAJA_SAGARA,Karnataka,Storage Reservoir,124.8,49452,112.29,44496.1,89.98,14386,15248
24-08-2025,KABINI,Karnataka,Storage Reservoir,84,19520,56.1,13037.12,66.79,5190,4369
24-08-2025,KALLANAI,Tamil Nadu,Barrage / Diversion Structure,0,0,0,0,100,9332,9332
31-08-2025,METTUR,Tamil Nadu,Storage Reservoir,120,93470,96.71,75325.93,80.59,5051,4245
31-08-2025,BHAVANISAGAR,Tamil Nadu,Storage Reservoir,105,32800,89.53,27966.49,85.26,5726,4809
31-08-2025,AMARAVATHI,Tamil Nadu,Storage Reservoir,90,4047,62.79,2823.27,69.76,211,224
31-08-2025,KRISHNA_RAJA_SAGARA,Karnataka,Storage Reservoir,124.8,49452,115.08,45600.31,92.21,14372,12395
31-08-2025,KABINI,Karnataka,Storage Reservoir,84,19520,63.56,14769.45,75.66,4447,4203
31-08-2025,KALLANAI,Tamil Nadu,Barrage / Diversion Structure,0,0,0,0,100,8590,8590
07-09-2025,METTUR,Tamil Nadu,Storage Reservoir,120,93470,98.72,76895.72,82.27,2704,2545
07-09-2025,BHAVANISAGAR,Tamil Nadu,Storage Reservoir,105,32800,85.68,26766.16,81.6,6170,5324
07-09-2025,AMARAVATHI,Tamil Nadu,Storage Reservoir,90,4047,78.54,3531.74,87.27,92,83
07-09-2025,KRISHNA_RAJA_SAGARA,Karnataka,Storage Reservoir,124.8,49452,110.33,43718.72,88.41,9248,8122
07-09-2025,KABINI,Karnataka,Storage Reservoir,84,19520,72.11,16757.65,85.85,3662,3804
07-09-2025,KALLANAI,Tamil Nadu,Barrage / Diversion Structure,0,0,0,0,100,12683,12683
14-09-2025,METTUR,Tamil Nadu,Storage Reservoir,120,93470,82.79,64490.06,69,2812,2603
14-09-2025,BHAVANISAGAR,Tamil Nadu,Storage Reservoir,105,32800,87.13,27217.1,82.98,6683,5924
14-09-2025,AMARAVATHI,Tamil Nadu,Storage Reservoir,90,4047,58.67,2638.4,65.19,159,140
14-09-2025,KRISHNA_RAJA_SAGARA,Karnataka,Storage Reservoir,124.8,49452,108.62,43042.15,87.04,5208,5080
14-09-2025,KABINI,Karnataka,Storage Reservoir,84,19520,78.33,18201.27,93.24,2646,2491
14-09-2025,KALLANAI,Tamil Nadu,Barrage / Diversion Structure,0,0,0,0,100,3834,3834
21-09-2025,METTUR,Tamil Nadu,Storage Reservoir,120,93470,92.67,72178.44,77.22,4011,4287
21-09-2025,BHAVANISAGAR,Tamil Nadu,Storage Reservoir,105,32800,74.43,23251.54,70.89,3472,3675
21-09-2025,AMARAVATHI,Tamil Nadu,Storage Reservoir,90,4047,74.08,3331.23,82.31,236,231
21-09-2025,KRISHNA_RAJA_SAGARA,Karnataka,Storage Reservoir,124.8,49452,111.45,44163.03,89.3,9312,9544
21-09-2025,KABINI,Karnataka,Storage Reservoir,84,19520,77.61,18034.77,92.39,4239,3621
21-09-2025,KALLANAI,Tamil Nadu,Barrage / Diversion Structure,0,0,0,0,100,6719,6719
28-09-2025,METTUR,Tamil Nadu,Storage Reservoir,120,93470,89.03,69347.7,74.19,2946,2876
28-09-2025,BHAVANISAGAR,Tamil Nadu,Storage Reservoir,105,32800,81.68,25516.76,77.79,5848,4821
28-09-2025,AMARAVATHI,Tamil Nadu,Storage Reservoir,90,4047,60.87,2737.13,67.63,81,77
28-09-2025,KRISHNA_RAJA_SAGARA,Karnataka,Storage Reservoir,124.8,49452,89.13,35318.54,71.42,6192,5697
28-09-2025,KABINI,Karnataka,Storage Reservoir,84,19520,75.06,17442.29,89.36,1603,1594
28-09-2025,KALLANAI,Tamil Nadu,Barrage / Diversion Structure,0,0,0,0,100,10146,10146
05-10-2025,METTUR,Tamil Nadu,Storage Reservoir,120,93470,78.72,61320.19,65.6,15477,16496
05-10-2025,BHAVANISAGAR,Tamil Nadu,Storage Reservoir,105,32800,82.69,25831.82,78.76,2512,2509
05-10-2025,AMARAVATHI,Tamil Nadu,Storage Reservoir,90,4047,76.83,3455,85.37,1467,1612
05-10-2025,KRISHNA_RAJA_SAGARA,Karnataka,Storage Reservoir,124.8,49452,108.08,42827.77,86.6,2800,2978
05-10-2025,KABINI,Karnataka,Storage Reservoir,84,19520,55.84,12976.24,66.48,1026,1097
05-10-2025,KALLANAI,Tamil Nadu,Barrage / Diversion Structure,0,0,0,0,100,8667,8667
12-10-2025,METTUR,Tamil Nadu,Storage Reservoir,120,93470,108.93,84845.85,90.77,16247,16287
12-10-2025,BHAVANISAGAR,Tamil Nadu,Storage Reservoir,105,32800,75.78,23672.41,72.17,2014,2070
12-10-2025,AMARAVATHI,Tamil Nadu,Storage Reservoir,90,4047,66.94,3010.08,74.38,640,552
12-10-2025,KRISHNA_RAJA_SAGARA,Karnataka,Storage Reservoir,124.8,49452,117.68,46631.67,94.3,2766,2988
12-10-2025,KABINI,Karnataka,Storage Reservoir,84,19520,62.25,14464.63,74.1,1221,1257
12-10-2025,KALLANAI,Tamil Nadu,Barrage / Diversion Structure,0,0,0,0,100,12235,12235
19-10-2025,METTUR,Tamil Nadu,Storage Reservoir,120,93470,82.71,64420.94,68.92,21833,22243
19-10-2025,BHAVANISAGAR,Tamil Nadu,Storage Reservoir,105,32800,86.36,26978.6,82.25,1822,1733
19-10-2025,AMARAVATHI,Tamil Nadu,Storage Reservoir,90,4047,66.93,3009.58,74.37,748,743
19-10-2025,KRISHNA_RAJA_SAGARA,Karnataka,Storage Reservoir,124.8,49452,109.02,43199.51,87.36,2847,2623
19-10-2025,KABINI,Karnataka,Storage Reservoir,84,19520,61.38,14264.21,73.07,1072,1109
19-10-2025,KALLANAI,Tamil Nadu,Barrage / Diversion Structure,0,0,0,0,100,19208,19208
26-10-2025,METTUR,Tamil Nadu,Storage Reservoir,120,93470,110.29,85908.14,91.91,29584,25289
26-10-2025,BHAVANISAGAR,Tamil Nadu,Storage Reservoir,105,32800,98.37,30729.91,93.69,1576,1421
26-10-2025,AMARAVATHI,Tamil Nadu,Storage Reservoir,90,4047,60.19,2706.35,66.87,938,781
26-10-2025,KRISHNA_RAJA_SAGARA,Karnataka,Storage Reservoir,124.8,49452,90.43,35831.04,72.46,2214,2308
26-10-2025,KABINI,Karnataka,Storage Reservoir,84,19520,76.66,17814.86,91.26,858,907
26-10-2025,KALLANAI,Tamil Nadu,Barrage / Diversion Structure,0,0,0,0,100,19054,19054
02-11-2025,METTUR,Tamil Nadu,Storage Reservoir,120,93470,102.85,80112.84,85.71,23591,23703
02-11-2025,BHAVANISAGAR,Tamil Nadu,Storage Reservoir,105,32800,78.7,24583.11,74.95,2316,2301
02-11-2025,AMARAVATHI,Tamil Nadu,Storage Reservoir,90,4047,72.29,3250.43,80.32,438,391
02-11-2025,KRISHNA_RAJA_SAGARA,Karnataka,Storage Reservoir,124.8,49452,111.16,44047.83,89.07,4752,3997
02-11-2025,KABINI,Karnataka,Storage Reservoir,84,19520,78.6,18265.18,93.57,1141,1139
02-11-2025,KALLANAI,Tamil Nadu,Barrage / Diversion Structure,0,0,0,0,100,14437,14437
09-11-2025,METTUR,Tamil Nadu,Storage Reservoir,120,93470,89.27,69530.08,74.39,32325,27137
09-11-2025,BHAVANISAGAR,Tamil Nadu,Storage Reservoir,105,32800,90.46,28257.6,86.15,2952,2961
09-11-2025,AMARAVATHI,Tamil Nadu,Storage Reservoir,90,4047,65.31,2936.89,72.57,1414,1202
09-11-2025,KRISHNA_RAJA_SAGARA,Karnataka,Storage Reservoir,124.8,49452,83.13,32939.5,66.61,4363,4112
09-11-2025,KABINI,Karnataka,Storage Reservoir,84,19520,76,17660.32,90.47,1249,1062
09-11-2025,KALLANAI,Tamil Nadu,Barrage / Diversion Structure,0,0,0,0,100,21051,21051
16-11-2025,METTUR,Tamil Nadu,Storage Reservoir,120,93470,103.93,80955.79,86.61,16909,16592
16-11-2025,BHAVANISAGAR,Tamil Nadu,Storage Reservoir,105,32800,82.77,25855.24,78.83,2700,2831
16-11-2025,AMARAVATHI,Tamil Nadu,Storage Reservoir,90,4047,77.65,3491.82,86.28,438,460
16-11-2025,KRISHNA_RAJA_SAGARA,Karnataka,Storage Reservoir,124.8,49452,106.24,42098.68,85.13,3667,3332
16-11-2025,KABINI,Karnataka,Storage Reservoir,84,19520,76.76,17837.06,91.38,1481,1234
16-11-2025,KALLANAI,Tamil Nadu,Barrage / Diversion Structure,0,0,0,0,100,8793,8793
23-11-2025,METTUR,Tamil Nadu,Storage Reservoir,120,93470,112.61,87714.58,93.84,18154,17961
23-11-2025,BHAVANISAGAR,Tamil Nadu,Storage Reservoir,105,32800,76.77,23982.3,73.12,1853,2006
23-11-2025,AMARAVATHI,Tamil Nadu,Storage Reservoir,90,4047,66.55,2992.68,73.95,850,780
23-11-2025,KRISHNA_RAJA_SAGARA,Karnataka,Storage Reservoir,124.8,49452,86.33,34209.72,69.18,1905,1835
23-11-2025,KABINI,Karnataka,Storage Reservoir,84,19520,79.19,18402.16,94.27,1280,1161
23-11-2025,KALLANAI,Tamil Nadu,Barrage / Diversion Structure,0,0,0,0,100,7773,7773
30-11-2025,METTUR,Tamil Nadu,Storage Reservoir,120,93470,109.68,85429.19,91.4,19179,18264
30-11-2025,BHAVANISAGAR,Tamil Nadu,Storage Reservoir,105,32800,72.61,22681.58,69.15,2957,2587
30-11-2025,AMARAVATHI,Tamil Nadu,Storage Reservoir,90,4047,60.48,2719.62,67.2,960,939
30-11-2025,KRISHNA_RAJA_SAGARA,Karnataka,Storage Reservoir,124.8,49452,96.66,38302.73,77.45,2773,2871
30-11-2025,KABINI,Karnataka,Storage Reservoir,84,19520,59.53,13834.09,70.87,1567,1558
30-11-2025,KALLANAI,Tamil Nadu,Barrage / Diversion Structure,0,0,0,0,100,9862,9862
07-12-2025,METTUR,Tamil Nadu,Storage Reservoir,120,93470,81.08,63151.54,67.56,17577,15753
07-12-2025,BHAVANISAGAR,Tamil Nadu,Storage Reservoir,105,32800,66.03,20625.13,62.88,2861,2662
07-12-2025,AMARAVATHI,Tamil Nadu,Storage Reservoir,90,4047,65.36,2938.96,72.62,634,517
07-12-2025,KRISHNA_RAJA_SAGARA,Karnataka,Storage Reservoir,124.8,49452,63.81,25283.45,51.13,2649,2293
07-12-2025,KABINI,Karnataka,Storage Reservoir,84,19520,37.81,8785.33,45.01,1610,1695
07-12-2025,KALLANAI,Tamil Nadu,Barrage / Diversion Structure,0,0,0,0,100,14211,14211
14-12-2025,METTUR,Tamil Nadu,Storage Reservoir,120,93470,56.43,43957.2,47.03,19682,21229
14-12-2025,BHAVANISAGAR,Tamil Nadu,Storage Reservoir,105,32800,60.81,18996.47,57.92,948,904
14-12-2025,AMARAVATHI,Tamil Nadu,Storage Reservoir,90,4047,49.92,2244.67,55.46,609,600
14-12-2025,KRISHNA_RAJA_SAGARA,Karnataka,Storage Reservoir,124.8,49452,83.07,32916.01,66.56,1410,1143
14-12-2025,KABINI,Karnataka,Storage Reservoir,84,19520,62.86,14606.8,74.83,668,545
14-12-2025,KALLANAI,Tamil Nadu,Barrage / Diversion Structure,0,0,0,0,100,4887,4887
21-12-2025,METTUR,Tamil Nadu,Storage Reservoir,120,93470,82.89,64561.65,69.07,15661,14615
21-12-2025,BHAVANISAGAR,Tamil Nadu,Storage Reservoir,105,32800,68.53,21407.77,65.27,1375,1455
21-12-2025,AMARAVATHI,Tamil Nadu,Storage Reservoir,90,4047,63.88,2872.6,70.98,411,424
21-12-2025,KRISHNA_RAJA_SAGARA,Karnataka,Storage Reservoir,124.8,49452,73.41,29088.66,58.82,3059,2890
21-12-2025,KABINI,Karnataka,Storage Reservoir,84,19520,62.67,14563.26,74.61,1017,889
21-12-2025,KALLANAI,Tamil Nadu,Barrage / Diversion Structure,0,0,0,0,100,10832,10832
28-12-2025,METTUR,Tamil Nadu,Storage Reservoir,120,93470,57.51,44791.77,47.92,27711,25041
28-12-2025,BHAVANISAGAR,Tamil Nadu,Storage Reservoir,105,32800,47.47,14828.71,45.21,2361,2055
28-12-2025,AMARAVATHI,Tamil Nadu,Storage Reservoir,90,4047,62.61,2815.34,69.57,832,872
28-12-2025,KRISHNA_RAJA_SAGARA,Karnataka,Storage Reservoir,124.8,49452,56.18,22262.27,45.02,3183,2776
28-12-2025,KABINI,Karnataka,Storage Reservoir,84,19520,43.69,10151.77,52.01,883,755
28-12-2025,KALLANAI,Tamil Nadu,Barrage / Diversion Structure,0,0,0,0,100,15006,15006
04-01-2026,METTUR,Tamil Nadu,Storage Reservoir,120,93470,67.57,52629.22,56.31,2359,2527
04-01-2026,BHAVANISAGAR,Tamil Nadu,Storage Reservoir,105,32800,62.78,19610.7,59.79,430,357
04-01-2026,AMARAVATHI,Tamil Nadu,Storage Reservoir,90,4047,66.24,2978.68,73.6,41,36
04-01-2026,KRISHNA_RAJA_SAGARA,Karnataka,Storage Reservoir,124.8,49452,67.32,26675.39,53.94,642,545
04-01-2026,KABINI,Karnataka,Storage Reservoir,84,19520,57.54,13370.19,68.49,192,190
04-01-2026,KALLANAI,Tamil Nadu,Barrage / Diversion Structure,0,0,0,0,100,616,616
11-01-2026,METTUR,Tamil Nadu,Storage Reservoir,120,93470,60.84,47392.9,50.7,3481,3353
11-01-2026,BHAVANISAGAR,Tamil Nadu,Storage Reservoir,105,32800,49.7,15526.11,47.34,544,475
11-01-2026,AMARAVATHI,Tamil Nadu,Storage Reservoir,90,4047,63.71,2864.85,70.79,76,80
11-01-2026,KRISHNA_RAJA_SAGARA,Karnataka,Storage Reservoir,124.8,49452,56.66,22449.66,45.4,570,587
11-01-2026,KABINI,Karnataka,Storage Reservoir,84,19520,61.36,14258.16,73.04,313,327
11-01-2026,KALLANAI,Tamil Nadu,Barrage / Diversion Structure,0,0,0,0,100,2682,2682
18-01-2026,METTUR,Tamil Nadu,Storage Reservoir,120,93470,64.4,50164.47,53.67,1285,1179
18-01-2026,BHAVANISAGAR,Tamil Nadu,Storage Reservoir,105,32800,64.4,20118.42,61.34,302,304
18-01-2026,AMARAVATHI,Tamil Nadu,Storage Reservoir,90,4047,45.02,2024.59,50.03,51,48
18-01-2026,KRISHNA_RAJA_SAGARA,Karnataka,Storage Reservoir,124.8,49452,85.98,34069.07,68.89,857,851
18-01-2026,KABINI,Karnataka,Storage Reservoir,84,19520,41.73,9696.21,49.67,285,235
18-01-2026,KALLANAI,Tamil Nadu,Barrage / Diversion Structure,0,0,0,0,100,1024,1024
25-01-2026,METTUR,Tamil Nadu,Storage Reservoir,120,93470,63.86,49744.4,53.22,1468,1594
25-01-2026,BHAVANISAGAR,Tamil Nadu,Storage Reservoir,105,32800,58.35,18226.9,55.57,325,277
25-01-2026,AMARAVATHI,Tamil Nadu,Storage Reservoir,90,4047,51.09,2297.34,56.77,63,53
25-01-2026,KRISHNA_RAJA_SAGARA,Karnataka,Storage Reservoir,124.8,49452,84.75,33580.62,67.91,549,600
25-01-2026,KABINI,Karnataka,Storage Reservoir,84,19520,47.42,11018.75,56.45,454,409
25-01-2026,KALLANAI,Tamil Nadu,Barrage / Diversion Structure,0,0,0,0,100,1476,1476
01-02-2026,METTUR,Tamil Nadu,Storage Reservoir,120,93470,87.77,68365.76,73.14,1712,1825
01-02-2026,BHAVANISAGAR,Tamil Nadu,Storage Reservoir,105,32800,66.95,20914.27,63.76,593,486
01-02-2026,AMARAVATHI,Tamil Nadu,Storage Reservoir,90,4047,49.54,2227.62,55.04,42,41
01-02-2026,KRISHNA_RAJA_SAGARA,Karnataka,Storage Reservoir,124.8,49452,69.49,27534.25,55.68,443,433
01-02-2026,KABINI,Karnataka,Storage Reservoir,84,19520,58.32,13553.03,69.43,238,199
01-02-2026,KALLANAI,Tamil Nadu,Barrage / Diversion Structure,0,0,0,0,100,389,389
08-02-2026,METTUR,Tamil Nadu,Storage Reservoir,120,93470,75.63,58912.61,63.03,2555,2321
08-02-2026,BHAVANISAGAR,Tamil Nadu,Storage Reservoir,105,32800,73.21,22868.14,69.72,369,347
08-02-2026,AMARAVATHI,Tamil Nadu,Storage Reservoir,90,4047,62.13,2793.57,69.03,62,51
08-02-2026,KRISHNA_RAJA_SAGARA,Karnataka,Storage Reservoir,124.8,49452,89.25,35363.38,71.51,666,669
08-02-2026,KABINI,Karnataka,Storage Reservoir,84,19520,38.44,8932.44,45.76,371,331
08-02-2026,KALLANAI,Tamil Nadu,Barrage / Diversion Structure,0,0,0,0,100,687,687
15-02-2026,METTUR,Tamil Nadu,Storage Reservoir,120,93470,56.9,44321.07,47.42,1072,953
15-02-2026,BHAVANISAGAR,Tamil Nadu,Storage Reservoir,105,32800,50.08,15643.23,47.69,685,549
15-02-2026,AMARAVATHI,Tamil Nadu,Storage Reservoir,90,4047,53.56,2408.6,59.52,44,39
15-02-2026,KRISHNA_RAJA_SAGARA,Karnataka,Storage Reservoir,124.8,49452,90.83,35992.05,72.78,484,527
15-02-2026,KABINI,Karnataka,Storage Reservoir,84,19520,42.99,9989.13,51.17,359,346
15-02-2026,KALLANAI,Tamil Nadu,Barrage / Diversion Structure,0,0,0,0,100,643,643
22-02-2026,METTUR,Tamil Nadu,Storage Reservoir,120,93470,59.98,46722.74,49.99,1841,1653
22-02-2026,BHAVANISAGAR,Tamil Nadu,Storage Reservoir,105,32800,58.97,18421.29,56.16,855,770
22-02-2026,AMARAVATHI,Tamil Nadu,Storage Reservoir,90,4047,66.21,2977.05,73.56,69,67
22-02-2026,KRISHNA_RAJA_SAGARA,Karnataka,Storage Reservoir,124.8,49452,89.14,35322.01,71.43,562,492
22-02-2026,KABINI,Karnataka,Storage Reservoir,84,19520,49.52,11507.25,58.95,293,299
22-02-2026,KALLANAI,Tamil Nadu,Barrage / Diversion Structure,0,0,0,0,100,539,539
01-03-2026,METTUR,Tamil Nadu,Storage Reservoir,120,93470,46.01,35841.61,38.35,2702,2446
01-03-2026,BHAVANISAGAR,Tamil Nadu,Storage Reservoir,105,32800,54.9,17149.96,52.29,590,606
01-03-2026,AMARAVATHI,Tamil Nadu,Storage Reservoir,90,4047,44.42,1997.36,49.35,99,92
01-03-2026,KRISHNA_RAJA_SAGARA,Karnataka,Storage Reservoir,124.8,49452,62.97,24950.59,50.45,719,746
01-03-2026,KABINI,Karnataka,Storage Reservoir,84,19520,44.71,10390.45,53.23,369,377
01-03-2026,KALLANAI,Tamil Nadu,Barrage / Diversion Structure,0,0,0,0,100,876,876
08-03-2026,METTUR,Tamil Nadu,Storage Reservoir,120,93470,44.47,34636.51,37.06,1209,1130
08-03-2026,BHAVANISAGAR,Tamil Nadu,Storage Reservoir,105,32800,49.84,15569.8,47.47,503,498
08-03-2026,AMARAVATHI,Tamil Nadu,Storage Reservoir,90,4047,27.53,1238.08,30.59,55,53
08-03-2026,KRISHNA_RAJA_SAGARA,Karnataka,Storage Reservoir,124.8,49452,38.84,15390.42,31.12,701,718
08-03-2026,KABINI,Karnataka,Storage Reservoir,84,19520,33.16,7706.11,39.48,250,272
08-03-2026,KALLANAI,Tamil Nadu,Barrage / Diversion Structure,0,0,0,0,100,965,965
15-03-2026,METTUR,Tamil Nadu,Storage Reservoir,120,93470,62.33,48547.06,51.94,1868,1890
15-03-2026,BHAVANISAGAR,Tamil Nadu,Storage Reservoir,105,32800,34.19,10681.38,32.57,575,481
15-03-2026,AMARAVATHI,Tamil Nadu,Storage Reservoir,90,4047,28.06,1261.83,31.18,39,31
15-03-2026,KRISHNA_RAJA_SAGARA,Karnataka,Storage Reservoir,124.8,49452,67.79,26861.59,54.32,680,679
15-03-2026,KABINI,Karnataka,Storage Reservoir,84,19520,42.15,9793.77,50.17,380,321
15-03-2026,KALLANAI,Tamil Nadu,Barrage / Diversion Structure,0,0,0,0,100,680,680
22-03-2026,METTUR,Tamil Nadu,Storage Reservoir,120,93470,65.11,50718.98,54.26,2548,2299
22-03-2026,BHAVANISAGAR,Tamil Nadu,Storage Reservoir,105,32800,46.68,14580.89,44.45,459,490
22-03-2026,AMARAVATHI,Tamil Nadu,Storage Reservoir,90,4047,25.72,1156.69,28.58,85,88
22-03-2026,KRISHNA_RAJA_SAGARA,Karnataka,Storage Reservoir,124.8,49452,53.56,21224.49,42.92,1088,1024
22-03-2026,KABINI,Karnataka,Storage Reservoir,84,19520,42.53,9884.23,50.64,403,427
22-03-2026,KALLANAI,Tamil Nadu,Barrage / Diversion Structure,0,0,0,0,100,821,821
29-03-2026,METTUR,Tamil Nadu,Storage Reservoir,120,93470,45.49,35434.85,37.91,848,858
29-03-2026,BHAVANISAGAR,Tamil Nadu,Storage Reservoir,105,32800,43.11,13467.82,41.06,1003,861
29-03-2026,AMARAVATHI,Tamil Nadu,Storage Reservoir,90,4047,28.22,1268.83,31.35,29,26
29-03-2026,KRISHNA_RAJA_SAGARA,Karnataka,Storage Reservoir,124.8,49452,52.16,20667.15,41.79,1809,1809
29-03-2026,KABINI,Karnataka,Storage Reservoir,84,19520,31.97,7429.68,38.06,764,776
29-03-2026,KALLANAI,Tamil Nadu,Barrage / Diversion Structure,0,0,0,0,100,622,622
05-04-2026,METTUR,Tamil Nadu,Storage Reservoir,120,93470,56.14,43727.65,46.78,642,571
05-04-2026,BHAVANISAGAR,Tamil Nadu,Storage Reservoir,105,32800,43.02,13439.51,40.97,529,518
05-04-2026,AMARAVATHI,Tamil Nadu,Storage Reservoir,90,4047,26.99,1213.6,29.99,39,38
05-04-2026,KRISHNA_RAJA_SAGARA,Karnataka,Storage Reservoir,124.8,49452,67.51,26750.84,54.09,921,991
05-04-2026,KABINI,Karnataka,Storage Reservoir,84,19520,40.21,9343.51,47.87,323,277
05-04-2026,KALLANAI,Tamil Nadu,Barrage / Diversion Structure,0,0,0,0,100,698,698
12-04-2026,METTUR,Tamil Nadu,Storage Reservoir,120,93470,49.03,38191.56,40.86,1543,1474
12-04-2026,BHAVANISAGAR,Tamil Nadu,Storage Reservoir,105,32800,32.47,10143.95,30.93,943,806
12-04-2026,AMARAVATHI,Tamil Nadu,Storage Reservoir,90,4047,24.79,1114.91,27.55,75,74
12-04-2026,KRISHNA_RAJA_SAGARA,Karnataka,Storage Reservoir,124.8,49452,47.59,18856.79,38.13,846,818
12-04-2026,KABINI,Karnataka,Storage Reservoir,84,19520,29.74,6912.05,35.41,616,663
12-04-2026,KALLANAI,Tamil Nadu,Barrage / Diversion Structure,0,0,0,0,100,462,462
19-04-2026,METTUR,Tamil Nadu,Storage Reservoir,120,93470,47.09,36680.5,39.24,839,902
19-04-2026,BHAVANISAGAR,Tamil Nadu,Storage Reservoir,105,32800,26.63,8318.11,25.36,854,872
19-04-2026,AMARAVATHI,Tamil Nadu,Storage Reservoir,90,4047,35.6,1600.61,39.55,25,27
19-04-2026,KRISHNA_RAJA_SAGARA,Karnataka,Storage Reservoir,124.8,49452,50.59,20048,40.54,1363,1187
19-04-2026,KABINI,Karnataka,Storage Reservoir,84,19520,33.18,7711.36,39.5,448,368
19-04-2026,KALLANAI,Tamil Nadu,Barrage / Diversion Structure,0,0,0,0,100,869,869
26-04-2026,METTUR,Tamil Nadu,Storage Reservoir,120,93470,48.18,37525.72,40.15,1648,1349
26-04-2026,BHAVANISAGAR,Tamil Nadu,Storage Reservoir,105,32800,44.42,13875.79,42.3,300,243
26-04-2026,AMARAVATHI,Tamil Nadu,Storage Reservoir,90,4047,23.92,1075.79,26.58,75,62
26-04-2026,KRISHNA_RAJA_SAGARA,Karnataka,Storage Reservoir,124.8,49452,32.89,13032.85,26.35,686,722
26-04-2026,KABINI,Karnataka,Storage Reservoir,84,19520,27.61,6416.66,32.87,266,215
26-04-2026,KALLANAI,Tamil Nadu,Barrage / Diversion Structure,0,0,0,0,100,662,662
03-05-2026,METTUR,Tamil Nadu,Storage Reservoir,120,93470,41.36,32215.37,34.47,943,858
03-05-2026,BHAVANISAGAR,Tamil Nadu,Storage Reservoir,105,32800,29.38,9179.03,27.98,889,968
03-05-2026,AMARAVATHI,Tamil Nadu,Storage Reservoir,90,4047,48.69,2189.52,54.1,91,89
03-05-2026,KRISHNA_RAJA_SAGARA,Karnataka,Storage Reservoir,124.8,49452,57.44,22760.76,46.03,831,822
03-05-2026,KABINI,Karnataka,Storage Reservoir,84,19520,32.48,7548.28,38.67,410,421
03-05-2026,KALLANAI,Tamil Nadu,Barrage / Diversion Structure,0,0,0,0,100,454,454
10-05-2026,METTUR,Tamil Nadu,Storage Reservoir,120,93470,47.48,36985.17,39.57,1469,1444
10-05-2026,BHAVANISAGAR,Tamil Nadu,Storage Reservoir,105,32800,43.46,13576.65,41.39,700,632
10-05-2026,AMARAVATHI,Tamil Nadu,Storage Reservoir,90,4047,45.51,2046.22,50.56,47,44
10-05-2026,KRISHNA_RAJA_SAGARA,Karnataka,Storage Reservoir,124.8,49452,34.93,13840.32,27.99,727,791
10-05-2026,KABINI,Karnataka,Storage Reservoir,84,19520,30.5,7087.63,36.31,613,505
10-05-2026,KALLANAI,Tamil Nadu,Barrage / Diversion Structure,0,0,0,0,100,946,946
17-05-2026,METTUR,Tamil Nadu,Storage Reservoir,120,93470,50.94,39679.55,42.45,1482,1366
17-05-2026,BHAVANISAGAR,Tamil Nadu,Storage Reservoir,105,32800,53.96,16857.6,51.4,810,866
17-05-2026,AMARAVATHI,Tamil Nadu,Storage Reservoir,90,4047,39.33,1768.75,43.71,31,27
17-05-2026,KRISHNA_RAJA_SAGARA,Karnataka,Storage Reservoir,124.8,49452,38.76,15356.75,31.05,1498,1540
17-05-2026,KABINI,Karnataka,Storage Reservoir,84,19520,38.05,8840.99,45.29,336,287
17-05-2026,KALLANAI,Tamil Nadu,Barrage / Diversion Structure,0,0,0,0,100,579,579
24-05-2026,METTUR,Tamil Nadu,Storage Reservoir,120,93470,31.45,24498.5,26.21,1724,1621
24-05-2026,BHAVANISAGAR,Tamil Nadu,Storage Reservoir,105,32800,30.91,9655.91,29.44,706,609
24-05-2026,AMARAVATHI,Tamil Nadu,Storage Reservoir,90,4047,26.02,1170.01,28.91,63,64
24-05-2026,KRISHNA_RAJA_SAGARA,Karnataka,Storage Reservoir,124.8,49452,47.13,18675.63,37.77,764,616
24-05-2026,KABINI,Karnataka,Storage Reservoir,84,19520,21.87,5081.63,26.03,267,279
24-05-2026,KALLANAI,Tamil Nadu,Barrage / Diversion Structure,0,0,0,0,100,269,269
31-05-2026,METTUR,Tamil Nadu,Storage Reservoir,120,93470,43.97,34246.64,36.64,3512,2950
31-05-2026,BHAVANISAGAR,Tamil Nadu,Storage Reservoir,105,32800,55.71,17404.28,53.06,852,922
31-05-2026,AMARAVATHI,Tamil Nadu,Storage Reservoir,90,4047,40.77,1833.23,45.3,98,105
31-05-2026,KRISHNA_RAJA_SAGARA,Karnataka,Storage Reservoir,124.8,49452,41.52,16451.2,33.27,854,862
31-05-2026,KABINI,Karnataka,Storage Reservoir,84,19520,40.29,9361.69,47.96,579,498
31-05-2026,KALLANAI,Tamil Nadu,Barrage / Diversion Structure,0,0,0,0,100,790,790
07-06-2026,METTUR,Tamil Nadu,Storage Reservoir,120,93470,64.18,49990.53,53.48,2668,2921
07-06-2026,BHAVANISAGAR,Tamil Nadu,Storage Reservoir,105,32800,67.5,21084.93,64.28,5846,6389
07-06-2026,AMARAVATHI,Tamil Nadu,Storage Reservoir,90,4047,50.68,2279.11,56.32,186,173
07-06-2026,KRISHNA_RAJA_SAGARA,Karnataka,Storage Reservoir,124.8,49452,88.72,35153.45,71.09,4927,5342
07-06-2026,KABINI,Karnataka,Storage Reservoir,84,19520,43.31,10065.13,51.56,2360,2423
07-06-2026,KALLANAI,Tamil Nadu,Barrage / Diversion Structure,0,0,0,0,100,6473,6473
14-06-2026,METTUR,Tamil Nadu,Storage Reservoir,120,93470,80.73,62878.3,67.27,2572,2102
14-06-2026,BHAVANISAGAR,Tamil Nadu,Storage Reservoir,105,32800,56.7,17711.31,54,6417,5457
14-06-2026,AMARAVATHI,Tamil Nadu,Storage Reservoir,90,4047,50.08,2251.91,55.64,137,111
14-06-2026,KRISHNA_RAJA_SAGARA,Karnataka,Storage Reservoir,124.8,49452,78,30907.11,62.5,13747,11623
14-06-2026,KABINI,Karnataka,Storage Reservoir,84,19520,52.86,12284.76,62.93,4565,4226
14-06-2026,KALLANAI,Tamil Nadu,Barrage / Diversion Structure,0,0,0,0,100,13259,13259
21-06-2026,METTUR,Tamil Nadu,Storage Reservoir,120,93470,54.26,42267.69,45.22,4476,4468
21-06-2026,BHAVANISAGAR,Tamil Nadu,Storage Reservoir,105,32800,48.46,15137.86,46.15,5156,5639
21-06-2026,AMARAVATHI,Tamil Nadu,Storage Reservoir,90,4047,51.86,2331.97,57.62,162,173
21-06-2026,KRISHNA_RAJA_SAGARA,Karnataka,Storage Reservoir,124.8,49452,83.01,32894.41,66.52,9689,10070
21-06-2026,KABINI,Karnataka,Storage Reservoir,84,19520,59.58,13845.73,70.93,3382,3187
21-06-2026,KALLANAI,Tamil Nadu,Barrage / Diversion Structure,0,0,0,0,100,7764,7764
28-06-2026,METTUR,Tamil Nadu,Storage Reservoir,120,93470,57,44395.16,47.5,6100,5759
28-06-2026,BHAVANISAGAR,Tamil Nadu,Storage Reservoir,105,32800,49.42,15436.54,47.06,8148,7538
28-06-2026,AMARAVATHI,Tamil Nadu,Storage Reservoir,90,4047,64.2,2886.83,71.33,136,142
28-06-2026,KRISHNA_RAJA_SAGARA,Karnataka,Storage Reservoir,124.8,49452,77.04,30527.05,61.73,6491,7085
28-06-2026,KABINI,Karnataka,Storage Reservoir,84,19520,50.72,11785.87,60.38,3653,3436
28-06-2026,KALLANAI,Tamil Nadu,Barrage / Diversion Structure,0,0,0,0,100,18712,18712
05-07-2026,METTUR,Tamil Nadu,Storage Reservoir,120,93470,58.65,45680.79,48.87,2066,2136
05-07-2026,BHAVANISAGAR,Tamil Nadu,Storage Reservoir,105,32800,62.11,19400.8,59.15,4068,3457
05-07-2026,AMARAVATHI,Tamil Nadu,Storage Reservoir,90,4047,49.48,2225.12,54.98,161,145
05-07-2026,KRISHNA_RAJA_SAGARA,Karnataka,Storage Reservoir,124.8,49452,93.16,36912.81,74.64,8306,7091
05-07-2026,KABINI,Karnataka,Storage Reservoir,84,19520,60.26,14002.52,71.73,3196,3237
05-07-2026,KALLANAI,Tamil Nadu,Barrage / Diversion Structure,0,0,0,0,100,14654,14654
12-07-2026,METTUR,Tamil Nadu,Storage Reservoir,120,93470,79.94,62263.83,66.61,1744,1491
12-07-2026,BHAVANISAGAR,Tamil Nadu,Storage Reservoir,105,32800,48.49,15147.32,46.18,2482,2562
12-07-2026,AMARAVATHI,Tamil Nadu,Storage Reservoir,90,4047,44.13,1984.37,49.03,93,91
12-07-2026,KRISHNA_RAJA_SAGARA,Karnataka,Storage Reservoir,124.8,49452,72.2,28608.26,57.85,3780,3912
12-07-2026,KABINI,Karnataka,Storage Reservoir,84,19520,38.06,8845.57,45.32,3572,3814
12-07-2026,KALLANAI,Tamil Nadu,Barrage / Diversion Structure,0,0,0,0,100,6440,6440
19-07-2026,METTUR,Tamil Nadu,Storage Reservoir,120,93470,68.01,52975.3,56.68,5067,5412
19-07-2026,BHAVANISAGAR,Tamil Nadu,Storage Reservoir,105,32800,57.83,18064.43,55.07,7079,7631
19-07-2026,AMARAVATHI,Tamil Nadu,Storage Reservoir,90,4047,66.48,2989.19,73.86,159,148
19-07-2026,KRISHNA_RAJA_SAGARA,Karnataka,Storage Reservoir,124.8,49452,66.59,26388,53.36,13963,11768
19-07-2026,KABINI,Karnataka,Storage Reservoir,84,19520,52.41,12179.48,62.39,2956,2612
19-07-2026,KALLANAI,Tamil Nadu,Barrage / Diversion Structure,0,0,0,0,100,8449,8449
26-07-2026,METTUR,Tamil Nadu,Storage Reservoir,120,93470,74.83,58284.39,62.36,1208,1022
26-07-2026,BHAVANISAGAR,Tamil Nadu,Storage Reservoir,105,32800,61.1,19085.3,58.19,7950,6977
26-07-2026,AMARAVATHI,Tamil Nadu,Storage Reservoir,90,4047,49.04,2205.36,54.49,52,46
26-07-2026,KRISHNA_RAJA_SAGARA,Karnataka,Storage Reservoir,124.8,49452,92.35,36592.87,74,17137,15431
26-07-2026,KABINI,Karnataka,Storage Reservoir,84,19520,52.19,12126.92,62.13,6600,5292
26-07-2026,KALLANAI,Tamil Nadu,Barrage / Diversion Structure,0,0,0,0,100,16430,16430
02-08-2026,METTUR,Tamil Nadu,Storage Reservoir,120,93470,83.81,65282.65,69.84,3229,3103
02-08-2026,BHAVANISAGAR,Tamil Nadu,Storage Reservoir,105,32800,68.7,21459.69,65.43,5835,5455
02-08-2026,AMARAVATHI,Tamil Nadu,Storage Reservoir,90,4047,77.21,3471.81,85.79,118,129
02-08-2026,KRISHNA_RAJA_SAGARA,Karnataka,Storage Reservoir,124.8,49452,91.88,36409.2,73.63,12057,11574
02-08-2026,KABINI,Karnataka,Storage Reservoir,84,19520,64.82,15063.46,77.17,3067,3352
02-08-2026,KALLANAI,Tamil Nadu,Barrage / Diversion Structure,0,0,0,0,100,16922,16922
09-08-2026,METTUR,Tamil Nadu,Storage Reservoir,120,93470,86.18,67128.13,71.82,4305,4341
09-08-2026,BHAVANISAGAR,Tamil Nadu,Storage Reservoir,105,32800,84.48,26389.24,80.46,9279,9124
09-08-2026,AMARAVATHI,Tamil Nadu,Storage Reservoir,90,4047,68.52,3080.95,76.13,227,193
09-08-2026,KRISHNA_RAJA_SAGARA,Karnataka,Storage Reservoir,124.8,49452,95.52,37848.32,76.54,7950,7389
09-08-2026,KABINI,Karnataka,Storage Reservoir,84,19520,74.3,17266.1,88.45,3646,3785
09-08-2026,KALLANAI,Tamil Nadu,Barrage / Diversion Structure,0,0,0,0,100,11106,11106
16-08-2026,METTUR,Tamil Nadu,Storage Reservoir,120,93470,86.58,67437.38,72.15,3547,3374
16-08-2026,BHAVANISAGAR,Tamil Nadu,Storage Reservoir,105,32800,76.47,23886.76,72.83,2908,2891
16-08-2026,AMARAVATHI,Tamil Nadu,Storage Reservoir,90,4047,72.3,3251.07,80.33,200,218
16-08-2026,KRISHNA_RAJA_SAGARA,Karnataka,Storage Reservoir,124.8,49452,102.51,40617.88,82.14,11745,9887
16-08-2026,KABINI,Karnataka,Storage Reservoir,84,19520,68.94,16021.27,82.08,4651,4534
16-08-2026,KALLANAI,Tamil Nadu,Barrage / Diversion Structure,0,0,0,0,100,12841,12841
